uniprot_id,total_pockets,high_druggability,medium_druggability,low_druggability,best_score,best_pocket_id,organism,gene,family
P0A2Y9,26,2,0,24,1.0,24,Streptococcus pneumoniae (strain ATCC BAA-255 / R6),atpB,antibiotic resistance
P10488,18,1,0,17,1.0,13,Klebsiella oxytoca,Albicidin,antibiotic resistance
P9WJB0,15,1,2,12,0.999,1,Mycobacterium tuberculosis (strain CDC 1551 / Oshkosh),Fluoroquinolone,antibiotic resistance
P9WJV1,68,1,0,67,0.999,4,Mycobacterium tuberculosis (strain ATCC 25618 / H37Rv),mmpL5,TB resistance
Q7N3Q9,30,2,0,28,0.999,3,Photorhabdus laumondii subsp. laumondii (strain DSM 15139 / CIP 105565 / TT01),arnT,colistin resistance
P9WJF1,19,1,0,18,0.999,2,Mycobacterium tuberculosis (strain ATCC 25618 / H37Rv),dprE1,antibiotic resistance
P33302,111,3,2,106,0.999,1,Saccharomyces cerevisiae (strain ATCC 204508 / S288c),PDR5,antibiotic resistance
C7F8K6,17,1,1,15,0.999,1,Acinetobacter baumannii,adeT1,antibiotic resistance
B7NF27,15,1,0,14,0.998,12,Escherichia coli O17:K52:H18 (strain UMN026 / ExPEC),mdtL,antibiotic resistance
C1ANR3,97,1,1,95,0.998,2,Mycobacterium bovis (strain BCG / Tokyo 172 / ATCC 35737 / TMC 1019),lysX,antibiotic resistance
B1X9T9,15,1,0,14,0.997,13,Escherichia coli (strain K12 / DH10B),mdtL,antibiotic resistance
P9WK45,15,1,0,14,0.997,13,Mycobacterium tuberculosis (strain ATCC 25618 / H37Rv),lprG,antibiotic resistance
A0R5K5,28,2,0,26,0.997,1,Mycolicibacterium smegmatis (strain ATCC 700084 / mc(2)155),lfrA,antibiotic resistance
C4ZYY8,18,2,0,16,0.997,10,Escherichia coli (strain K12 / MC4100 / BW2952),mdtL,antibiotic resistance
P31462,20,1,0,19,0.996,19,Escherichia coli (strain K12),mdtL,antibiotic resistance
Q8NYB0,29,1,1,27,0.996,25,Staphylococcus aureus (strain MW2),mepA,antibiotic resistance
Q8XB24,16,1,0,15,0.996,16,Escherichia coli O157:H7,mdtL,antibiotic resistance
Q1IPW7,18,2,0,16,0.995,2,Koribacter versatilis (strain Ellin345),uppP,antibiotic resistance
Q0TAZ8,16,1,0,15,0.995,7,Escherichia coli O6:K15:H31 (strain 536 / UPEC),mdtL,antibiotic resistance
A1KJ57,99,1,0,98,0.995,88,Mycobacterium bovis (strain BCG / Pasteur 1173P2),lysX,antibiotic resistance
P32715,58,1,0,57,0.995,56,Escherichia coli (strain K12),mdtO,antibiotic resistance
Q2RTE2,20,1,0,19,0.995,1,Rhodospirillum rubrum (strain ATCC 11170 / ATH 1.1.1 / DSM 467 / LMG 4362 / NCIMB 8255 / S1),uppP2,antibiotic resistance
B7MGD1,18,1,0,17,0.995,14,Escherichia coli O45:K1 (strain S88 / ExPEC),mdtL,antibiotic resistance
Q9I3Y3,46,1,0,45,0.995,1,Pseudomonas aeruginosa (strain ATCC 15692 / DSM 22644 / CIP 104116 / JCM 14847 / LMG 12228 / 1C / PRS 101 / PAO1),pmpM,antibiotic resistance
Q8X5R8,55,1,0,54,0.995,55,Escherichia coli O157:H7,mdtO,antibiotic resistance
O35018,30,1,0,29,0.994,30,Bacillus subtilis (strain 168),lmrB,antibiotic resistance
B7VAE6,23,2,1,20,0.994,10,Pseudomonas aeruginosa (strain LESB58),uppP,antibiotic resistance
B2U7E0,23,1,0,22,0.994,21,Ralstonia pickettii (strain 12J),uppP,antibiotic resistance
A7ZTR5,20,1,0,19,0.994,19,Escherichia coli O139:H28 (strain E24377A / ETEC),mdtL,antibiotic resistance
Q9AIV3,72,4,1,67,0.994,57,Staphylococcus aureus,mprF,antibiotic resistance
Q02LA5,23,2,0,21,0.994,3,Pseudomonas aeruginosa (strain UCBPP-PA14),uppP,antibiotic resistance
A1UHB3,88,1,1,86,0.993,85,Mycobacterium sp. (strain KMS),lysX,antibiotic resistance
B3PYJ1,20,1,0,19,0.993,2,Rhizobium etli (strain CIAT 652),uppP,antibiotic resistance
B7L855,20,1,0,19,0.993,20,Escherichia coli (strain 55989 / EAEC),mdtL,antibiotic resistance
A5U2Z7,94,1,1,92,0.993,93,Mycobacterium tuberculosis (strain ATCC 25177 / H37Ra),lysX,antibiotic resistance
B7UMH7,18,1,1,16,0.993,9,Escherichia coli O127:H6 (strain E2348/69 / EPEC),mdtL,antibiotic resistance
Q7VEV7,95,1,0,94,0.993,95,Mycobacterium bovis (strain ATCC BAA-935 / AF2122/97),lysX,antibiotic resistance
Q5HIW0,29,1,1,27,0.993,26,Staphylococcus aureus (strain COL),mepA,antibiotic resistance
Q5ANA3,107,3,1,103,0.993,8,Candida albicans (strain SC5314 / ATCC MYA-2876),CDR1,antibiotic resistance
A4T9U2,87,2,0,85,0.993,1,Mycolicibacterium gilvum (strain PYR-GCK),lysX,antibiotic resistance
A1SRC7,13,1,0,12,0.992,1,Psychromonas ingrahamii (strain DSM 17664 / CCUG 51855 / 37),uppP,antibiotic resistance
A8A6H2,16,1,0,15,0.992,14,Escherichia coli O9:H4 (strain HS),mdtL,antibiotic resistance
Q9I2E5,21,1,2,18,0.992,6,Pseudomonas aeruginosa (strain ATCC 15692 / DSM 22644 / CIP 104116 / JCM 14847 / LMG 12228 / 1C / PRS 101 / PAO1),uppP,antibiotic resistance
P9WJF0,23,2,0,21,0.992,1,Mycobacterium tuberculosis (strain CDC 1551 / Oshkosh),dprE1,antibiotic resistance
A0A1C7E424,32,2,1,29,0.992,1,Planococcus maritimus,mdrP,antibiotic resistance
B1LL36,23,1,0,22,0.991,12,Escherichia coli (strain SMS-3-5 / SECEC),mdtL,antibiotic resistance
B6I3U3,22,1,0,21,0.991,20,Escherichia coli (strain SE11),mdtL,antibiotic resistance
A1AHP3,14,2,0,12,0.991,3,Escherichia coli O1:K1 / APEC,mdtL,antibiotic resistance
A1AZA9,16,2,0,14,0.991,2,Paracoccus denitrificans (strain Pd 1222),uppP,antibiotic resistance
B7M562,24,1,0,23,0.991,19,Escherichia coli O8 (strain IAI1),mdtL,antibiotic resistance
B1MAX9,80,1,1,78,0.991,76,Mycobacteroides abscessus (strain ATCC 19977 / DSM 44196 / CCUG 20993 / CIP 104536 / JCM 13569 / NCTC 13031 / TMC 1543 / L948),lysX,antibiotic resistance
A4G8J0,22,1,0,21,0.99,3,Herminiimonas arsenicoxydans,uppP,antibiotic resistance
P07561,21,4,0,17,0.99,4,Geobacillus stearothermophilus,tet,antibiotic resistance
Q1R4M4,18,1,1,16,0.99,9,Escherichia coli (strain UTI89 / UPEC),mdtL,antibiotic resistance
C6DS31,94,1,0,93,0.99,84,Mycobacterium tuberculosis (strain KZN 1435 / MDR),lysX,antibiotic resistance
B1IX28,15,1,0,14,0.99,11,Escherichia coli (strain ATCC 8739 / DSM 1576 / NBRC 3972 / NCIMB 8545 / WDCM 00012 / Crooks),mdtL,antibiotic resistance
B5ZYG2,20,1,0,19,0.99,2,Rhizobium leguminosarum bv. trifolii (strain WSM2304),uppP,antibiotic resistance
B5YXB4,17,1,1,15,0.989,9,Escherichia coli O157:H7 (strain EC4115 / EHEC),mdtL,antibiotic resistance
C1DLV7,17,2,1,14,0.989,17,Azotobacter vinelandii (strain DJ / ATCC BAA-1303),uppP,antibiotic resistance
A2BWT5,23,2,2,19,0.989,1,Prochlorococcus marinus (strain MIT 9515),uppP,antibiotic resistance
Q2S5P8,21,1,0,20,0.989,12,Salinibacter ruber (strain DSM 13855 / M31),uppP,antibiotic resistance
Q1J8H6,18,1,0,17,0.989,1,Streptococcus pyogenes serotype M4 (strain MGAS10750),uppP,antibiotic resistance
P0DH31,14,1,0,13,0.989,2,Streptococcus pyogenes serotype M3 (strain SSI-1),uppP,antibiotic resistance
P23054,17,3,0,14,0.989,17,Bacillus subtilis (strain 168),tetB,antibiotic resistance
B7N2F5,17,1,0,16,0.988,15,Escherichia coli O81 (strain ED1a),mdtL,antibiotic resistance
Q3SWA8,16,3,0,13,0.988,5,Nitrobacter winogradskyi (strain ATCC 25391 / DSM 10237 / CIP 104748 / NCIMB 11846 / Nb-255),uppP,antibiotic resistance
Q1LJU8,17,1,1,15,0.988,1,Cupriavidus metallidurans (strain ATCC 43123 / DSM 2839 / NBRC 102507 / CH34),uppP,antibiotic resistance
Q83HQ7,19,2,1,16,0.988,1,Tropheryma whipplei (strain TW08/27),uppP,antibiotic resistance
P06573,16,1,1,14,0.987,1,Streptococcus sanguinis,rRNA,antibiotic resistance
Q6GJ10,40,1,0,39,0.987,33,Staphylococcus aureus (strain MRSA252),graS,antibiotic resistance
P57170,17,1,0,16,0.987,2,Buchnera aphidicola subsp. Acyrthosiphon pisum (strain APS),uppP,antibiotic resistance
P06571,11,1,0,10,0.986,4,Lysinibacillus sphaericus,ermG,antibiotic resistance
Q7A5R9,72,2,1,69,0.986,2,Staphylococcus aureus (strain N315),mprF,antibiotic resistance
Q3KD12,17,2,0,15,0.985,13,Pseudomonas fluorescens (strain Pf0-1),uppP1,antibiotic resistance
Q00014,18,1,0,17,0.985,1,Limosilactobacillus reuteri,ermGT,antibiotic resistance
Q5HG59,74,3,1,70,0.985,69,Staphylococcus aureus (strain COL),mprF,antibiotic resistance
Q8NWU7,75,3,1,71,0.984,29,Staphylococcus aureus (strain MW2),mprF,antibiotic resistance
Q2G2M2,78,1,1,76,0.984,12,Staphylococcus aureus (strain NCTC 8325 / PS 47),mprF,antibiotic resistance
A4TB90,19,1,2,16,0.984,18,Mycolicibacterium gilvum (strain PYR-GCK),uppP,antibiotic resistance
B0S9E8,19,2,0,17,0.984,1,Leptospira biflexa serovar Patoc (strain Patoc 1 / Ames),uppP,antibiotic resistance
A5WMW1,98,1,0,97,0.984,5,Mycobacterium tuberculosis (strain F11),lysX,antibiotic resistance
Q6G9J9,78,2,6,70,0.984,76,Staphylococcus aureus (strain MSSA476),mprF,antibiotic resistance
P9WJW8,36,1,0,35,0.984,5,Mycobacterium tuberculosis (strain CDC 1551 / Oshkosh),jefA,antibiotic resistance
P11131,55,1,1,53,0.983,14,Enterococcus faecalis,tetM,antibiotic resistance
Q1BPZ6,51,1,1,49,0.983,11,Burkholderia orbicola (strain AU 1054),macB,antibiotic resistance
P9WGR1,14,1,2,11,0.983,1,Mycobacterium tuberculosis (strain ATCC 25618 / H37Rv),inhA,antibiotic resistance
Q8Y1I9,21,1,0,20,0.983,8,Ralstonia nicotianae (strain ATCC BAA-1114 / GMI1000),uppP,antibiotic resistance
P18330,56,1,0,55,0.983,2,Pseudomonas fluorescens,ileS1,antibiotic resistance
D0LB45,85,1,0,84,0.983,6,Gordonia bronchialis (strain ATCC 25592 / DSM 43247 / BCRC 13721 / JCM 3198 / KCTC 3076 / NBRC 16047 / NCTC 10667),lysX,antibiotic resistance
B1W4P7,17,1,0,16,0.983,6,Streptomyces griseus subsp. griseus (strain JCM 4626 / CBS 651.72 / NBRC 13350 / KCC S-0626 / ISP 5235),uppP,antibiotic resistance
P0A5Y7,14,1,2,11,0.983,1,Mycobacterium bovis (strain ATCC BAA-935 / AF2122/97),inhA,antibiotic resistance
P9WGR0,14,1,2,11,0.983,1,Mycobacterium tuberculosis (strain CDC 1551 / Oshkosh),inhA,antibiotic resistance
P38054,72,3,0,69,0.983,1,Escherichia coli (strain K12),cusA,efflux pump
P0DPR4,32,1,0,31,0.982,28,Acinetobacter baumannii,abaQ,antibiotic resistance
Q2JAC3,22,1,0,21,0.982,17,Frankia casuarinae (strain DSM 45818 / CECT 9043 / HFP020203 / CcI3),uppP1,antibiotic resistance
P76398,81,2,0,79,0.982,6,Escherichia coli (strain K12),mdtB,other resistance
Q8Y9K8,27,1,0,26,0.982,2,Listeria monocytogenes serovar 1/2a (strain ATCC BAA-679 / EGD-e),lmrB,antibiotic resistance
B7LK52,21,1,0,20,0.982,10,Escherichia fergusonii (strain ATCC 35469 / DSM 13698 / CCUG 18766 / IAM 14443 / JCM 21226 / LMG 7866 / NBRC 102419 / NCTC 12128 / CDC 0568-73),mdtL,antibiotic resistance
Q2YVH4,25,2,0,23,0.982,25,Staphylococcus aureus (strain bovine RF122 / ET3-1),mepA,antibiotic resistance
Q0BTT3,22,1,0,21,0.982,8,Granulibacter bethesdensis (strain ATCC BAA-1260 / CGDNIH1),uppP,antibiotic resistance
P67392,18,1,0,17,0.982,1,Streptococcus pyogenes serotype M1,uppP,antibiotic resistance
C1CVN6,19,1,0,18,0.981,17,Deinococcus deserti (strain DSM 17065 / CIP 109153 / LMG 22923 / VCD115),uppP,antibiotic resistance
A3PCQ0,13,1,1,11,0.981,1,Prochlorococcus marinus (strain MIT 9301),uppP,antibiotic resistance
B8D8M0,19,1,0,18,0.981,9,Buchnera aphidicola subsp. Acyrthosiphon pisum (strain 5A),uppP,antibiotic resistance
P0C070,82,2,0,80,0.981,72,Pseudomonas putida,mepB,antibiotic resistance
Q1JDJ9,19,1,0,18,0.981,1,Streptococcus pyogenes serotype M12 (strain MGAS2096),uppP,antibiotic resistance
Q1RKC5,62,1,0,61,0.98,44,Rickettsia bellii (strain RML369-C),mrcA,antibiotic resistance
Q48VA9,16,1,0,15,0.98,1,Streptococcus pyogenes serotype M28 (strain MGAS6180),uppP,antibiotic resistance
Q3B5J7,51,2,0,49,0.98,15,Chlorobium luteolum (strain DSM 273 / BCRC 81028 / 2530),macB,antibiotic resistance
A5V412,17,1,0,16,0.98,1,Rhizorhabdus wittichii (strain DSM 6014 / CCUG 31198 / JCM 15750 / NBRC 105917 / EY 4224 / RW1),uppP,antibiotic resistance
Q0AAG2,21,1,0,20,0.98,1,Alkalilimnicola ehrlichii (strain ATCC BAA-1101 / DSM 17681 / MLHE-1),uppP,antibiotic resistance
Q1MMI4,19,1,1,17,0.979,4,Rhizobium johnstonii (strain DSM 114642 / LMG 32736 / 3841),uppP,antibiotic resistance
A5U4G2,22,2,0,20,0.978,7,Mycobacterium tuberculosis (strain ATCC 25177 / H37Ra),uppP,antibiotic resistance
Q8Y7I6,46,2,3,41,0.978,2,Listeria monocytogenes serovar 1/2a (strain ATCC BAA-679 / EGD-e),oatA,antibiotic resistance
Q0K7S4,16,1,1,14,0.978,1,Cupriavidus necator (strain ATCC 17699 / DSM 428 / KCTC 22496 / NCIMB 10442 / H16 / Stanier 337),uppP,antibiotic resistance
A0LG71,20,1,1,18,0.978,1,Syntrophobacter fumaroxidans (strain DSM 10017 / MPOB),uppP,antibiotic resistance
Q7U042,34,1,0,33,0.978,26,Mycobacterium bovis (strain ATCC BAA-935 / AF2122/97),Probable,antibiotic resistance
B5RCC4,36,1,1,34,0.977,18,Salmonella gallinarum (strain 287/91 / NCTC 13346),arnA,antibiotic resistance
Q8E260,19,1,0,18,0.977,1,Streptococcus agalactiae serotype V (strain ATCC BAA-611 / 2603 V/R),uppP,antibiotic resistance
P0A4K7,20,3,0,17,0.977,1,Bacillus cereus,tet,antibiotic resistance
O05318,36,3,0,33,0.977,1,Mycobacterium tuberculosis (strain ATCC 25618 / H37Rv),Multidrug,antibiotic resistance
P0A0K8,47,1,0,46,0.977,6,Staphylococcus aureus,gyrB,antibiotic resistance
B5YID8,13,1,0,12,0.977,9,Thermodesulfovibrio yellowstonii (strain ATCC 51303 / DSM 11347 / YP87),uppP,antibiotic resistance
P0A4K6,30,1,2,27,0.976,1,Streptococcus pneumoniae,tet,antibiotic resistance
P58741,18,1,1,16,0.976,3,Agrobacterium fabrum (strain C58 / ATCC 33970),uppP2,antibiotic resistance
P9WJ99,64,1,0,63,0.975,25,Mycobacterium tuberculosis (strain ATCC 25618 / H37Rv),iniA,antibiotic resistance
A5CWY7,18,2,0,16,0.975,1,Vesicomyosocius okutanii subsp. Calyptogena okutanii (strain HA),uppP,antibiotic resistance
A0QWU7,38,2,0,36,0.975,5,Mycolicibacterium smegmatis (strain ATCC 700084 / mc(2)155),mfs,antibiotic resistance
Q2G140,28,1,2,25,0.974,1,Staphylococcus aureus (strain NCTC 8325 / PS 47),mepA,antibiotic resistance
C3KAD2,42,1,0,41,0.974,1,Pseudomonas fluorescens (strain SBW25),arnA,antibiotic resistance
Q5HPI1,73,1,1,71,0.974,64,Staphylococcus epidermidis (strain ATCC 35984 / DSM 28319 / BCRC 17069 / CCUG 31568 / BM 3577 / RP62A),mprF,antibiotic resistance
A6V1P1,19,1,0,18,0.974,15,Pseudomonas paraeruginosa (strain DSM 24068 / PA7),arnC,antibiotic resistance
Q13W85,18,2,0,16,0.974,5,Paraburkholderia xenovorans (strain LB400),uppP2,antibiotic resistance
B8FAZ7,19,1,1,17,0.974,7,Desulfatibacillum aliphaticivorans,uppP,antibiotic resistance
O52836,46,1,0,45,0.974,1,Butyrivibrio fibrisolvens,tetW,antibiotic resistance
P0A2Y8,23,1,0,22,0.974,19,Streptococcus pneumoniae serotype 4 (strain ATCC BAA-334 / TIGR4),atpB,antibiotic resistance
A5ISW7,25,1,0,24,0.974,23,Staphylococcus aureus (strain JH9),norB,antibiotic resistance
P0A0J8,33,1,0,32,0.973,15,Staphylococcus aureus (strain Mu50 / ATCC 700699),qacA,antibiotic resistance
Q04D15,16,1,0,15,0.973,2,Oenococcus oeni (strain ATCC BAA-331 / PSU-1),uppP2,antibiotic resistance
Q68VU2,63,1,0,62,0.973,2,Rickettsia typhi (strain ATCC VR-144 / Wilmington),mrcA,antibiotic resistance
P9WFF9,25,1,1,23,0.973,2,Mycobacterium tuberculosis (strain ATCC 25618 / H37Rv),uppP,antibiotic resistance
B8D6X4,16,1,0,15,0.973,2,Buchnera aphidicola subsp. Acyrthosiphon pisum (strain Tuc7),uppP,antibiotic resistance
P44927,29,1,1,27,0.973,27,Haemophilus influenzae (strain ATCC 51907 / DSM 11121 / KW20 / Rd),emrB,antibiotic resistance
Q7N0B9,18,1,0,17,0.973,14,Photorhabdus laumondii subsp. laumondii (strain DSM 15139 / CIP 105565 / TT01),uppP,antibiotic resistance
P42829,15,1,2,12,0.973,12,Mycolicibacterium smegmatis (strain ATCC 700084 / mc(2)155),inhA,antibiotic resistance
C5BC70,22,1,3,18,0.972,1,Edwardsiella ictaluri (strain 93-146),mdfA,antibiotic resistance
C3MCT9,21,1,0,20,0.972,1,Sinorhizobium fredii (strain NBRC 101917 / NGR234),uppP,antibiotic resistance
Q2KA78,14,2,1,11,0.971,1,Rhizobium etli (strain ATCC 51251 / DSM 11541 / JCM 21823 / NBRC 15573 / CFN 42),lpxf,antibiotic resistance
Q9CC23,87,2,1,84,0.971,2,Mycobacterium leprae (strain TN),lysX,antibiotic resistance
C1B7Z5,94,2,0,92,0.971,61,Rhodococcus opacus (strain B4),lysX,antibiotic resistance
Q04SA1,12,2,0,10,0.971,1,Leptospira borgpetersenii serovar Hardjo-bovis (strain JB197),uppP,antibiotic resistance
B8ZRJ4,89,1,1,87,0.971,89,Mycobacterium leprae (strain Br4923),lysX,antibiotic resistance
P21236,18,1,0,17,0.971,1,Streptococcus pneumoniae,erm,antibiotic resistance
Q1GR76,17,1,0,16,0.97,1,Sphingopyxis alaskensis (strain DSM 13593 / LMG 18877 / RB2256),uppP,antibiotic resistance
Q7A7N0,27,1,1,25,0.97,11,Staphylococcus aureus (strain N315),mepA,antibiotic resistance
Q3K3N4,17,1,0,16,0.97,1,Streptococcus agalactiae serotype Ia (strain ATCC 27591 / A909 / CDC SS700),uppP,antibiotic resistance
B4RQE0,21,1,0,20,0.97,18,Neisseria gonorrhoeae (strain NCCP11945),uppP,antibiotic resistance
A1UHV6,19,2,0,17,0.97,13,Mycobacterium sp. (strain KMS),uppP,antibiotic resistance
Q1BXA8,21,1,2,18,0.97,6,Burkholderia orbicola (strain AU 1054),uppP2,antibiotic resistance
B7LM76,39,1,0,38,0.969,1,Escherichia fergusonii (strain ATCC 35469 / DSM 13698 / CCUG 18766 / IAM 14443 / JCM 21226 / LMG 7866 / NBRC 102419 / NCTC 12128 / CDC 0568-73),arnA,antibiotic resistance
P52067,19,1,3,15,0.969,14,Escherichia coli (strain K12),fsr,antibiotic resistance
P9WG20,20,1,0,19,0.969,3,Mycobacterium tuberculosis (strain CDC 1551 / Oshkosh),drrC,antibiotic resistance
E0T2N0,25,3,1,21,0.969,1,Edwardsiella tarda (strain FL6-60),mdfA,antibiotic resistance
Q99UB9,71,1,1,69,0.968,68,Staphylococcus aureus (strain Mu50 / ATCC 700699),mprF,antibiotic resistance
Q31YK2,44,1,1,42,0.968,3,Shigella boydii serotype 4 (strain Sb227),arnA,antibiotic resistance
P10738,16,1,0,15,0.968,1,Escherichia coli,ermBC,antibiotic resistance
A1KIJ9,38,2,0,36,0.968,31,Mycobacterium bovis (strain BCG / Pasteur 1173P2),Probable,antibiotic resistance
B1MCB5,39,2,0,37,0.968,8,Mycobacteroides abscessus (strain ATCC 19977 / DSM 44196 / CCUG 20993 / CIP 104536 / JCM 13569 / NCTC 13031 / TMC 1543 / L948),mfs,antibiotic resistance
Q5F6K4,18,1,0,17,0.967,3,Neisseria gonorrhoeae (strain ATCC 700825 / FA 1090),uppP,antibiotic resistance
P0A4D6,17,1,0,16,0.967,1,Clostridium perfringens,ermBP,antibiotic resistance
P43071,123,6,1,116,0.967,99,Candida albicans,CDR1,antibiotic resistance
A9NF64,15,2,0,13,0.967,3,Acholeplasma laidlawii (strain PG-8A),uppP,antibiotic resistance
Q6G9C6,28,1,0,27,0.967,25,Staphylococcus aureus (strain MSSA476),norB,antibiotic resistance
Q8FAX2,58,1,0,57,0.967,58,Escherichia coli O6:H1 (strain CFT073 / ATCC 700928 / UPEC),mdtO,antibiotic resistance
P0DPR7,35,2,0,33,0.966,35,Acinetobacter baumannii (strain ATCC 17978 / DSM 105126 / CIP 53.77 / LMG 1025 / NCDC KC755 / 5377),emrB,antibiotic resistance
Q4V093,18,1,0,17,0.966,2,Xanthomonas campestris pv. campestris (strain 8004),uppP,antibiotic resistance
P24618,19,1,0,18,0.966,1,Micromonospora echinospora,grm,antibiotic resistance
A6U1Q6,25,1,0,24,0.965,21,Staphylococcus aureus (strain JH1),norB,antibiotic resistance
A9MCW8,15,1,0,14,0.965,1,Brucella canis (strain ATCC 23365 / NCTC 10854 / RM-666),uppP,antibiotic resistance
C1AQ52,20,1,1,18,0.965,3,Mycobacterium bovis (strain BCG / Tokyo 172 / ATCC 35737 / TMC 1019),uppP,antibiotic resistance
P06992,21,1,0,20,0.965,1,Escherichia coli (strain K12),rsmA,antibiotic resistance
Q1R9G0,42,1,0,41,0.964,5,Escherichia coli (strain UTI89 / UPEC),arnA,antibiotic resistance
P58740,19,1,1,17,0.964,1,Agrobacterium fabrum (strain C58 / ATCC 33970),uppP1,antibiotic resistance
P77398,45,1,0,44,0.964,11,Escherichia coli (strain K12),arnA,antibiotic resistance
Q0VT01,38,1,0,37,0.964,33,Alcanivorax borkumensis (strain ATCC 700651 / DSM 11573 / NCIMB 13689 / SK2),macB,antibiotic resistance
A1S3T2,18,1,0,17,0.964,17,Shewanella amazonensis (strain ATCC BAA-1098 / SB2B),uppP,antibiotic resistance
Q5HR80,37,1,0,36,0.964,2,Staphylococcus epidermidis (strain ATCC 35984 / DSM 28319 / BCRC 17069 / CCUG 31568 / BM 3577 / RP62A),graS,antibiotic resistance
B7LAS0,42,1,1,40,0.964,24,Escherichia coli (strain 55989 / EAEC),arnA,antibiotic resistance
P21558,49,1,0,48,0.964,5,Haloferax lucentense (strain DSM 14919 / JCM 9276 / NCIMB 13854 / Aa 2.2),gyrB,antibiotic resistance
B2VBI9,46,1,1,44,0.964,1,Erwinia tasmaniensis (strain DSM 17950 / CFBP 7177 / CIP 109463 / NCPPB 4357 / Et1/99),arnA,antibiotic resistance
P15558,42,1,0,41,0.964,1,Pseudomonas sp. (strain SE83),acyII,antibiotic resistance
Q474P6,14,1,1,12,0.963,10,Cupriavidus pinatubonensis (strain JMP 134 / LMG 1197),uppP,antibiotic resistance
Q3IYQ0,18,1,0,17,0.963,1,Cereibacter sphaeroides (strain ATCC 17023 / DSM 158 / JCM 6121 / CCUG 31486 / LMG 2827 / NBRC 12203 / NCIMB 8253 / ATH 2.4.1.),uppP,antibiotic resistance
B8H6C3,15,2,0,13,0.963,6,Caulobacter vibrioides (strain NA1000 / CB15N),uppP,antibiotic resistance
Q2FJS9,30,2,1,27,0.963,16,Staphylococcus aureus (strain USA300),mepA,antibiotic resistance
A0RQA9,17,1,1,15,0.962,1,Campylobacter fetus subsp. fetus (strain 82-40),uppP,antibiotic resistance
B7NNT4,47,1,1,45,0.962,20,Escherichia coli O7:K1 (strain IAI39 / ExPEC),arnA,antibiotic resistance
P0A4K8,28,2,0,26,0.962,24,Bacillus subtilis,tet,antibiotic resistance
Q0SAA3,86,1,1,84,0.962,78,Rhodococcus jostii (strain RHA1),lysX,antibiotic resistance
B7MG22,48,1,0,47,0.962,10,Escherichia coli O45:K1 (strain S88 / ExPEC),arnA,antibiotic resistance
B7UFR7,46,1,1,44,0.962,7,Escherichia coli O127:H6 (strain E2348/69 / EPEC),arnA,antibiotic resistance
P12056,39,3,3,33,0.962,18,Escherichia coli,cml,antibiotic resistance
O51273,15,1,0,14,0.961,1,Borreliella burgdorferi (strain ATCC 35210 / DSM 4680 / CIP 102532 / B31),uppP,antibiotic resistance
A7ZP73,43,1,1,41,0.961,15,Escherichia coli O139:H28 (strain E24377A / ETEC),arnA,antibiotic resistance
B7M5T8,28,1,0,27,0.961,4,Escherichia coli O8 (strain IAI1),arnD,antibiotic resistance
Q6D291,25,1,0,24,0.961,1,Pectobacterium atrosepticum (strain SCRI 1043 / ATCC BAA-672),pva,antibiotic resistance
P9WNL4,85,2,1,82,0.961,3,Mycobacterium tuberculosis (strain CDC 1551 / Oshkosh),embC,antibiotic resistance
B4RCI1,14,1,1,12,0.96,1,Phenylobacterium zucineum (strain HLK1),uppP,antibiotic resistance
A8LQR9,15,1,0,14,0.96,3,Dinoroseobacter shibae (strain DSM 16493 / NCIMB 14021 / DFL 12),uppP,antibiotic resistance
B7M5T7,43,1,1,41,0.96,19,Escherichia coli O8 (strain IAI1),arnA,antibiotic resistance
Q3AZZ7,17,1,0,16,0.96,1,Synechococcus sp. (strain CC9902),uppP,antibiotic resistance
A6UFC2,19,1,0,18,0.96,1,Sinorhizobium medicae (strain WSM419),uppP,antibiotic resistance
P0DH30,17,1,0,16,0.96,1,Streptococcus pyogenes serotype M3 (strain ATCC BAA-595 / MGAS315),uppP,antibiotic resistance
A0L0V9,57,1,0,56,0.96,5,Shewanella sp. (strain ANA-3),macB,antibiotic resistance
A8A2C2,44,1,1,42,0.959,2,Escherichia coli O9:H4 (strain HS),arnA,antibiotic resistance
P9WJ98,59,1,0,58,0.959,54,Mycobacterium tuberculosis (strain CDC 1551 / Oshkosh),iniA,antibiotic resistance
P36555,40,2,0,38,0.959,2,Salmonella typhimurium (strain LT2 / SGSC1412 / ATCC 700720),eptA,antibiotic resistance
C3KAD3,29,2,1,26,0.959,6,Pseudomonas fluorescens (strain SBW25),arnC,antibiotic resistance
A4WAM3,44,1,2,41,0.959,1,Enterobacter sp. (strain 638),arnA,antibiotic resistance
Q8NXR5,38,1,0,37,0.959,2,Staphylococcus aureus (strain MW2),graS,antibiotic resistance
Q0TFI7,44,1,1,42,0.958,7,Escherichia coli O6:K15:H31 (strain 536 / UPEC),arnA,antibiotic resistance
P57296,62,1,2,59,0.958,33,Buchnera aphidicola subsp. Acyrthosiphon pisum (strain APS),mrcB,antibiotic resistance
C5CBT8,17,1,1,15,0.958,1,Micrococcus luteus (strain ATCC 4698 / DSM 20030 / JCM 1464 / CCM 169 / CCUG 5858 / IAM 1056 / NBRC 3333 / NCIMB 9278 / NCTC 2665 / VKM Ac-2230),uppP,antibiotic resistance
Q2SYE1,18,2,0,16,0.958,3,Burkholderia thailandensis (strain ATCC 700388 / DSM 13276 / CCUG 48851 / CIP 106301 / E264),uppP1,antibiotic resistance
Q2KDF4,17,1,0,16,0.958,9,Rhizobium etli (strain ATCC 51251 / DSM 11541 / JCM 21823 / NBRC 15573 / CFN 42),uppP,antibiotic resistance
Q2NXJ3,19,1,1,17,0.958,1,Xanthomonas oryzae pv. oryzae (strain MAFF 311018),uppP,antibiotic resistance
Q8YIT2,58,2,2,54,0.957,2,Brucella melitensis biotype 1 (strain ATCC 23456 / CCUG 17765 / NCTC 10094 / 16M),macB,antibiotic resistance
B1LLK9,47,1,1,45,0.957,8,Escherichia coli (strain SMS-3-5 / SECEC),arnA,antibiotic resistance
Q11CA6,16,1,0,15,0.957,1,Chelativorans sp. (strain BNC1),uppP,antibiotic resistance
P9WG23,22,3,2,17,0.957,11,Mycobacterium tuberculosis (strain ATCC 25618 / H37Rv),drrB,antibiotic resistance
Q576S3,16,1,0,15,0.957,1,Brucella abortus biovar 1 (strain 9-941),uppP,antibiotic resistance
B4TBG7,20,1,0,19,0.957,7,Salmonella heidelberg (strain SL476),arnD,antibiotic resistance
Q9F5N7,21,1,0,20,0.957,21,Burkholderia vietnamiensis,norM,antibiotic resistance
Q97KF6,17,1,1,15,0.957,2,Clostridium acetobutylicum (strain ATCC 824 / DSM 792 / JCM 1419 / IAM 19013 / LMG 5710 / NBRC 13948 / NRRL B-527 / VKM B-1787 / 2291 / W),uppP2,antibiotic resistance
Q0BHM0,20,1,0,19,0.957,2,Burkholderia ambifaria (strain ATCC BAA-244 / DSM 16087 / CCUG 44356 / LMG 19182 / AMMD),uppP1,antibiotic resistance
Q7A5M0,23,1,0,22,0.957,23,Staphylococcus aureus (strain N315),norB,antibiotic resistance
Q38VP0,17,1,0,16,0.956,1,Latilactobacillus sakei subsp. sakei (strain 23K),uppP,antibiotic resistance
P0DPR5,34,1,1,32,0.956,1,Acinetobacter baumannii (strain ATCC 17978 / DSM 105126 / CIP 53.77 / LMG 1025 / NCDC KC755 / 5377),abaF,antibiotic resistance
P9WJY3,30,1,0,29,0.956,30,Mycobacterium tuberculosis (strain ATCC 25618 / H37Rv),Triacylglycerid,antibiotic resistance
Q99U52,25,1,0,24,0.956,23,Staphylococcus aureus (strain Mu50 / ATCC 700699),norB,antibiotic resistance
A0PQW1,21,2,1,18,0.956,19,Mycobacterium ulcerans (strain Agy99),uppP,antibiotic resistance
Q662A7,17,1,0,16,0.955,4,Borrelia garinii subsp. bavariensis (strain ATCC BAA-2496 / DSM 23469 / PBi),uppP,antibiotic resistance
A3NTZ5,21,1,1,19,0.955,20,Burkholderia pseudomallei (strain 1106a),uppP1,antibiotic resistance
P05528,18,1,1,16,0.955,9,Escherichia coli,mcbE,antibiotic resistance
Q827A4,17,2,0,15,0.955,6,Streptomyces avermitilis (strain ATCC 31267 / DSM 46492 / JCM 5070 / NBRC 14893 / NCIMB 12804 / NRRL 8165 / MA-4680),uppP2,antibiotic resistance
Q7NYE7,16,2,0,14,0.954,9,Chromobacterium violaceum (strain ATCC 12472 / DSM 30191 / JCM 1249 / CCUG 213 / NBRC 12614 / NCIMB 9131 / NCTC 9757 / MK),uppP1,antibiotic resistance
Q8D281,13,1,1,11,0.954,13,Wigglesworthia glossinidia brevipalpis,uppP,antibiotic resistance
A1SJZ1,18,1,0,17,0.954,15,Nocardioides sp. (strain ATCC BAA-499 / JS614),uppP,antibiotic resistance
P9WI98,30,1,0,29,0.954,3,Mycobacterium tuberculosis (strain CDC 1551 / Oshkosh),Putative,antibiotic resistance
A4YJM2,15,2,1,12,0.954,1,Bradyrhizobium sp. (strain ORS 278),uppP,antibiotic resistance
Q1JIM0,17,1,0,16,0.954,1,Streptococcus pyogenes serotype M2 (strain MGAS10270),uppP,antibiotic resistance
P25396,21,3,0,18,0.954,1,Escherichia coli (strain K12),tehA,antibiotic resistance
O31501,88,1,1,86,0.953,73,Bacillus subtilis (strain 168),swrC,antibiotic resistance
Q4UK08,55,2,0,53,0.953,54,Rickettsia felis (strain ATCC VR-1525 / URRWXCal2),mrcA,antibiotic resistance
Q2T4M6,17,1,0,16,0.953,1,Burkholderia thailandensis (strain ATCC 700388 / DSM 13276 / CCUG 48851 / CIP 106301 / E264),accA-2,antibiotic resistance
A3PNJ7,17,1,0,16,0.953,1,Cereibacter sphaeroides (strain ATCC 17029 / ATH 2.4.9),uppP,antibiotic resistance
O67939,10,1,0,9,0.953,2,Aquifex aeolicus (strain VF5),uppP,antibiotic resistance
Q3J7B5,23,1,0,22,0.953,23,Nitrosococcus oceani (strain ATCC 19707 / BCRC 17464 / JCM 30415 / NCIMB 11848 / C-107),uppP,antibiotic resistance
A0KQI1,22,2,0,20,0.952,22,Aeromonas hydrophila subsp. hydrophila (strain ATCC 7966 / DSM 30187 / BCRC 13018 / CCUG 14551 / JCM 1027 / KCTC 2358 / NCIMB 9240 / NCTC 8049),uppP,antibiotic resistance
B6I7J8,45,1,1,43,0.952,12,Escherichia coli (strain SE11),arnA,antibiotic resistance
B1X8W8,45,2,0,43,0.952,1,Escherichia coli (strain K12 / DH10B),arnA,antibiotic resistance
Q5XDV8,17,1,0,16,0.952,1,Streptococcus pyogenes serotype M6 (strain ATCC BAA-946 / MGAS10394),uppP,antibiotic resistance
Q3K9J0,13,1,0,12,0.951,1,Pseudomonas fluorescens (strain Pf0-1),uppP2,antibiotic resistance
Q8FCI8,75,3,0,72,0.951,11,Escherichia coli O6:H1 (strain CFT073 / ATCC 700928 / UPEC),mdtF,antibiotic resistance
B7NNT3,29,2,1,26,0.951,26,Escherichia coli O7:K1 (strain IAI39 / ExPEC),arnC,antibiotic resistance
B5YXP8,50,1,0,49,0.95,5,Escherichia coli O157:H7 (strain EC4115 / EHEC),arnA,antibiotic resistance
P9WFU7,93,1,1,91,0.95,60,Mycobacterium tuberculosis (strain ATCC 25618 / H37Rv),lysX,antibiotic resistance
Q8A6M3,14,1,0,13,0.95,1,Bacteroides thetaiotaomicron (strain ATCC 29148 / DSM 2079 / JCM 5827 / CCUG 10774 / NCTC 10582 / VPI-5482 / E50),lpxF,antibiotic resistance
Q8NWQ5,23,1,0,22,0.95,21,Staphylococcus aureus (strain MW2),norB,antibiotic resistance
B8I004,23,1,1,21,0.95,3,Ruminiclostridium cellulolyticum (strain ATCC 35319 / DSM 5812 / JCM 6584 / H10),uppP,antibiotic resistance
P9WJW9,30,3,0,27,0.949,1,Mycobacterium tuberculosis (strain ATCC 25618 / H37Rv),jefA,antibiotic resistance
Q0TJH0,59,2,0,57,0.949,4,Escherichia coli O6:K15:H31 (strain 536 / UPEC),macB,antibiotic resistance
Q48712,48,1,0,47,0.949,3,Lactococcus lactis subsp. lactis,tetS,antibiotic resistance
B5RR78,15,1,0,14,0.949,15,Borrelia recurrentis (strain A1),uppP,antibiotic resistance
Q54807,54,1,2,51,0.949,14,Streptococcus pneumoniae,tetM(5251),antibiotic resistance
A6WYK2,15,1,0,14,0.949,1,Brucella anthropi (strain ATCC 49188 / DSM 6882 / CCUG 24695 / JCM 21032 / LMG 3331 / NBRC 15819 / NCTC 12168 / Alc 37),uppP,antibiotic resistance
B8CJF5,23,1,0,22,0.949,1,Shewanella piezotolerans (strain WP3 / JCM 13877),uppP,antibiotic resistance
Q4L667,78,5,3,70,0.949,31,Staphylococcus haemolyticus (strain JCSC1435),mprF,antibiotic resistance
Q32DT3,48,1,1,46,0.948,1,Shigella dysenteriae serotype 1 (strain Sd197),arnA,antibiotic resistance
A1ADA7,44,1,1,42,0.948,6,Escherichia coli O1:K1 / APEC,arnA,antibiotic resistance
C0Q069,37,1,1,35,0.948,1,Salmonella paratyphi C (strain RKS4594),arnA,antibiotic resistance
Q76G15,17,1,0,16,0.948,1,Serratia marcescens,rmtB,antibiotic resistance
P21598,52,2,0,50,0.948,8,Enterococcus faecalis,tetM,antibiotic resistance
Q83GH4,21,2,1,18,0.947,2,Tropheryma whipplei (strain Twist),uppP,antibiotic resistance
A3D1Q8,21,2,2,17,0.947,9,Shewanella baltica (strain OS155 / ATCC BAA-1091),uppP,antibiotic resistance
Q07806,70,1,0,69,0.947,17,Pseudomonas aeruginosa (strain ATCC 15692 / DSM 22644 / CIP 104116 / JCM 14847 / LMG 12228 / 1C / PRS 101 / PAO1),mrcA,antibiotic resistance
A5VVU6,14,1,0,13,0.947,1,Brucella ovis (strain ATCC 25840 / 63/290 / NCTC 10512),uppP,antibiotic resistance
Q2YJP6,15,1,0,14,0.947,1,Brucella abortus (strain 2308),uppP,antibiotic resistance
P39438,16,1,0,15,0.947,2,Azospirillum brasilense,uppP,antibiotic resistance
Q9ZMJ9,24,1,0,23,0.947,23,Helicobacter pylori (strain J99 / ATCC 700824),hcpE,antibiotic resistance
P67385,16,1,0,15,0.946,1,Brucella suis biovar 1 (strain 1330),uppP,antibiotic resistance
Q0BGG1,19,1,1,17,0.946,2,Burkholderia ambifaria (strain ATCC BAA-244 / DSM 16087 / CCUG 44356 / LMG 19182 / AMMD),uppP2,antibiotic resistance
B2HFY7,19,2,1,16,0.946,8,Mycobacterium marinum (strain ATCC BAA-535 / M),uppP,antibiotic resistance
Q8YXJ9,24,1,0,23,0.946,10,Nostoc sp. (strain PCC 7120 / SAG 25.82 / UTEX 2576),uppP,antibiotic resistance
Q2TR58,15,1,1,13,0.946,3,Acinetobacter baumannii,OXA-58,antibiotic resistance
Q0AXH9,12,1,0,11,0.946,8,Syntrophomonas wolfei subsp. wolfei (strain DSM 2245B / Goettingen),uppP,antibiotic resistance
Q93L51,28,1,0,27,0.946,21,Bacteroides thetaiotaomicron,tetX2,antibiotic resistance
B7NR12,18,2,0,16,0.946,9,Escherichia coli O7:K1 (strain IAI39 / ExPEC),mdtL,antibiotic resistance
B4TPI3,19,1,0,18,0.946,17,Salmonella schwarzengrund (strain CVM19633),arnD,antibiotic resistance
A6WKK8,22,3,1,18,0.946,8,Shewanella baltica (strain OS185),uppP,antibiotic resistance
Q49VK4,30,2,0,28,0.946,4,Staphylococcus saprophyticus subsp. saprophyticus (strain ATCC 15305 / DSM 20229 / NCIMB 8711 / NCTC 7292 / S-41),graS,antibiotic resistance
P34389,104,3,2,99,0.945,1,Caenorhabditis elegans,ncr-2,efflux pump
Q0C618,16,1,0,15,0.945,4,Hyphomonas neptunium (strain ATCC 15444),uppP,antibiotic resistance
B7MG21,23,2,1,20,0.945,20,Escherichia coli O45:K1 (strain S88 / ExPEC),arnC,antibiotic resistance
C0ZL89,94,1,0,93,0.945,84,Rhodococcus erythropolis (strain PR4 / NBRC 100887),lysX,antibiotic resistance
P36554,25,3,1,21,0.945,5,Escherichia coli (strain K12),mdtD,other resistance
A4VLM0,16,2,1,13,0.945,16,Stutzerimonas stutzeri (strain A1501),uppP1,antibiotic resistance
B3QW96,21,1,0,20,0.944,6,Chloroherpeton thalassium (strain ATCC 35110 / GB-78),uppP,antibiotic resistance
A0PP57,81,1,1,79,0.944,76,Mycobacterium ulcerans (strain Agy99),lysX,antibiotic resistance
Q19127,103,2,1,100,0.944,61,Caenorhabditis elegans,ncr-1,efflux pump
Q63AN4,17,1,1,15,0.944,4,Bacillus cereus (strain ZK / E33L),uppP4,antibiotic resistance
B0KUY1,16,2,0,14,0.943,5,Pseudomonas putida (strain GB-1),uppP,antibiotic resistance
Q8XDZ3,45,1,0,44,0.943,11,Escherichia coli O157:H7,arnA,antibiotic resistance
A1B677,56,1,0,55,0.943,31,Paracoccus denitrificans (strain Pd 1222),macB1,antibiotic resistance
B7MXT6,44,1,1,42,0.942,2,Escherichia coli O81 (strain ED1a),arnA,antibiotic resistance
Q6GCD7,30,1,2,27,0.942,11,Staphylococcus aureus (strain MSSA476),mepA,antibiotic resistance
B7NNT5,26,1,0,25,0.942,3,Escherichia coli O7:K1 (strain IAI39 / ExPEC),arnD,antibiotic resistance
Q8CPC0,66,3,2,61,0.942,56,Staphylococcus epidermidis (strain ATCC 12228 / FDA PCI 1200),mprF,antibiotic resistance
Q92EE1,22,1,2,19,0.941,14,Listeria innocua serovar 6a (strain ATCC BAA-680 / CLIP 11262),lmrB,antibiotic resistance
Q10VH5,20,2,0,18,0.941,20,Trichodesmium erythraeum (strain IMS101),uppP,antibiotic resistance
Q8DKW4,23,1,0,22,0.941,9,Thermosynechococcus vestitus (strain NIES-2133 / IAM M-273 / BP-1),uppP,antibiotic resistance
P30898,19,1,0,18,0.941,5,Bacteroides uniformis,cblA,antibiotic resistance
Q2FYJ5,24,1,0,23,0.941,23,Staphylococcus aureus (strain NCTC 8325 / PS 47),norB,antibiotic resistance
Q050C7,14,2,0,12,0.941,1,Leptospira borgpetersenii serovar Hardjo-bovis (strain L550),uppP,antibiotic resistance
B0SS37,22,1,1,20,0.941,1,Leptospira biflexa serovar Patoc (strain Patoc 1 / ATCC 23582 / Paris),uppP,antibiotic resistance
A4WWA0,17,1,0,16,0.94,3,Cereibacter sphaeroides (strain ATCC 17025 / ATH 2.4.3),uppP,antibiotic resistance
A5D2Q9,19,1,0,18,0.94,3,Pelotomaculum thermopropionicum (strain DSM 13744 / JCM 10971 / SI),uppP,antibiotic resistance
Q06034,112,1,2,109,0.94,48,Leishmania enriettii,MDR1,antibiotic resistance
A8FRR2,42,2,0,40,0.94,42,Shewanella sediminis (strain HAW-EB3),arnA,antibiotic resistance
P9WNL5,75,1,1,73,0.939,72,Mycobacterium tuberculosis (strain ATCC 25618 / H37Rv),embC,antibiotic resistance
Q1CIH8,23,1,0,22,0.939,2,Yersinia pestis bv. Antiqua (strain Nepal516),arnD,antibiotic resistance
P45272,41,1,0,40,0.939,41,Haemophilus influenzae (strain ATCC 51907 / DSM 11121 / KW20 / Rd),hmrM,antibiotic resistance
B8EBV1,23,3,1,19,0.939,6,Shewanella baltica (strain OS223),uppP,antibiotic resistance
Q02736,10,1,0,9,0.939,1,Clostridium butyricum,catB,antibiotic resistance
Q8ZR43,17,1,0,16,0.939,8,Salmonella typhimurium (strain LT2 / SGSC1412 / ATCC 700720),ramR,efflux pump
A6LEL8,13,1,0,12,0.939,13,Parabacteroides distasonis (strain ATCC 8503 / DSM 20701 / CIP 104284 / JCM 5825 / NCTC 11152),uppP,antibiotic resistance
A1VXT4,19,1,1,17,0.939,11,Campylobacter jejuni subsp. jejuni serotype O:23/36 (strain 81-176),uppP,antibiotic resistance
A0R9W6,21,2,2,17,0.938,5,Bacillus thuringiensis (strain Al Hakam),uppP2,antibiotic resistance
O32859,29,2,1,26,0.938,1,Mycolicibacterium fortuitum,tap,antibiotic resistance
A0A0H2ZMF9,59,1,1,57,0.938,58,Streptococcus pneumoniae serotype 2 (strain D39 / NCTC 7466),pbp2a,antibiotic resistance
A1RMH4,20,1,1,18,0.938,16,Shewanella sp. (strain W3-18-1),uppP,antibiotic resistance
Q00538,26,2,1,23,0.938,21,Bacillus subtilis (strain 168),mmr,antibiotic resistance
A6QGY6,23,1,0,22,0.938,22,Staphylococcus aureus (strain Newman),norB,antibiotic resistance
P77757,24,1,1,22,0.938,24,Escherichia coli (strain K12),arnC,antibiotic resistance
Q06DK7,28,1,0,27,0.938,18,Sphingobacterium sp. (strain PM2-P1-29),tet(X),antibiotic resistance
B5R272,36,1,0,35,0.938,3,Salmonella enteritidis PT4 (strain P125109),arnA,antibiotic resistance
P0AEJ1,36,1,1,34,0.937,17,Escherichia coli O157:H7,emrB,antibiotic resistance
A0KGY6,45,1,1,43,0.937,11,Aeromonas hydrophila subsp. hydrophila (strain ATCC 7966 / DSM 30187 / BCRC 13018 / CCUG 14551 / JCM 1027 / KCTC 2358 / NCIMB 9240 / NCTC 8049),arnA,antibiotic resistance
A0JWX7,19,1,0,18,0.937,2,Arthrobacter sp. (strain FB24),uppP,antibiotic resistance
Q82VK1,56,1,0,55,0.936,46,Nitrosomonas europaea (strain ATCC 19718 / CIP 103999 / KCTC 2705 / NBRC 14298),macB,antibiotic resistance
P41820,109,1,0,108,0.936,4,Schizosaccharomyces pombe (strain 972 / ATCC 24843),bfr1,antibiotic resistance
P9WJX7,30,1,0,29,0.936,27,Mycobacterium tuberculosis (strain ATCC 25618 / H37Rv),Chloramphenicol,antibiotic resistance
B8H8K7,20,1,0,19,0.936,1,Pseudarthrobacter chlorophenolicus (strain ATCC 700700 / DSM 12829 / CIP 107037 / JCM 12360 / KCTC 9906 / NCIMB 13794 / A6),uppP,antibiotic resistance
P76399,92,1,1,90,0.936,17,Escherichia coli (strain K12),mdtC,other resistance
Q6GJY2,26,2,1,23,0.936,3,Staphylococcus aureus (strain MRSA252),mepA,antibiotic resistance
A3Q0V0,95,1,2,92,0.935,79,Mycobacterium sp. (strain JLS),lysX,antibiotic resistance
P0AEJ0,42,2,0,40,0.935,25,Escherichia coli (strain K12),emrB,antibiotic resistance
Q493X5,22,1,0,21,0.934,22,Blochmanniella pennsylvanica (strain BPEN),uppP,antibiotic resistance
A9WW52,18,1,0,17,0.934,1,Brucella suis (strain ATCC 23445 / NCTC 10510),uppP,antibiotic resistance
Q1B7P4,93,1,2,90,0.934,87,Mycobacterium sp. (strain MCS),lysX,antibiotic resistance
Q47W31,15,1,1,13,0.934,2,Colwellia psychrerythraea (strain 34H / ATCC BAA-681),uppP,antibiotic resistance
E1WFA0,48,1,1,46,0.934,3,Salmonella typhimurium (strain SL1344),phoQ,colistin resistance
P67384,16,1,0,15,0.934,1,Brucella melitensis biotype 1 (strain ATCC 23456 / CCUG 17765 / NCTC 10094 / 16M),uppP,antibiotic resistance
Q9ZCE9,64,1,1,62,0.934,42,Rickettsia prowazekii (strain Madrid E),mrcA,antibiotic resistance
A0KZT4,17,1,1,15,0.933,15,Shewanella sp. (strain ANA-3),uppP,antibiotic resistance
B0K909,18,1,1,16,0.933,16,Thermoanaerobacter pseudethanolicus (strain ATCC 33223 / 39E),uppP,antibiotic resistance
O52325,36,1,1,34,0.933,8,Salmonella typhimurium (strain LT2 / SGSC1412 / ATCC 700720),arnA,antibiotic resistance
P0A0H2,17,1,1,15,0.933,1,Staphylococcus aureus (strain N315),ermA1,antibiotic resistance
A2SEL8,17,1,0,16,0.933,2,Methylibium petroleiphilum (strain ATCC BAA-1232 / LMG 22953 / PM1),uppP,antibiotic resistance
P0CE48,20,1,1,18,0.933,1,Escherichia coli (strain K12),tufB,antibiotic resistance
Q1JNH1,17,1,0,16,0.933,1,Streptococcus pyogenes serotype M12 (strain MGAS9429),uppP,antibiotic resistance
Q7V8Z1,17,1,0,16,0.933,4,Prochlorococcus marinus (strain MIT 9313),uppP,antibiotic resistance
B1MCB4,16,1,0,15,0.932,16,Mycobacteroides abscessus (strain ATCC 19977 / DSM 44196 / CCUG 20993 / CIP 104536 / JCM 13569 / NCTC 13031 / TMC 1543 / L948),lprG,antibiotic resistance
B7LAS1,25,1,0,24,0.932,13,Escherichia coli (strain 55989 / EAEC),arnD,antibiotic resistance
Q81HV4,25,1,2,22,0.932,5,Bacillus cereus (strain ATCC 14579 / DSM 31 / CCUG 7414 / JCM 2152 / NBRC 15305 / NCIMB 9373 / NCTC 2599 / NRRL B-3711),uppP1,antibiotic resistance
Q2N736,18,2,1,15,0.931,1,Erythrobacter litoralis (strain HTCC2594),uppP,antibiotic resistance
A1KKH9,23,1,0,22,0.931,9,Mycobacterium bovis (strain BCG / Pasteur 1173P2),uppP,antibiotic resistance
P0A4D5,14,1,0,13,0.931,1,Enterococcus faecalis,ermBP,antibiotic resistance
Q31YK1,26,1,0,25,0.931,3,Shigella boydii serotype 4 (strain Sb227),arnD,antibiotic resistance
A3Q1C2,19,1,1,17,0.93,1,Mycobacterium sp. (strain JLS),uppP,antibiotic resistance
P44741,26,1,0,25,0.93,4,Haemophilus influenzae (strain ATCC 51907 / DSM 11121 / KW20 / Rd),tehA,antibiotic resistance
A4Y4F7,20,1,0,19,0.93,5,Shewanella putrefaciens (strain CN-32 / ATCC BAA-453),uppP,antibiotic resistance
P21467,11,1,0,10,0.93,1,Bacillus subtilis (strain 168),rpsE,antibiotic resistance
Q0AJJ0,22,1,0,21,0.929,1,Nitrosomonas eutropha (strain DSM 101675 / C91 / Nm57),uppP,antibiotic resistance
P21645,17,1,1,15,0.929,1,Escherichia coli (strain K12),lpxD,antibiotic resistance
B5XJR7,17,1,0,16,0.929,1,Streptococcus pyogenes serotype M49 (strain NZ131),uppP,antibiotic resistance
P39886,34,1,0,33,0.929,14,Streptomyces glaucescens,tcmA,antibiotic resistance
Q8EHD3,19,2,0,17,0.929,7,Shewanella oneidensis (strain ATCC 700550 / JCM 31522 / CIP 106686 / LMG 19005 / NCIMB 14063 / MR-1),uppP1,antibiotic resistance
P02982,23,2,1,20,0.929,1,Escherichia coli,tetA,antibiotic resistance
Q7NG92,19,1,0,18,0.929,1,Gloeobacter violaceus (strain ATCC 29082 / PCC 7421),uppP,antibiotic resistance
B7UP79,31,1,1,29,0.928,8,Escherichia coli O127:H6 (strain E2348/69 / EPEC),mdtH,antibiotic resistance
A7I0J2,18,1,0,17,0.928,1,Campylobacter hominis (strain ATCC BAA-381 / DSM 21671 / CCUG 45161 / LMG 19568 / NCTC 13146 / CH001A),uppP,antibiotic resistance
Q0HSD9,20,1,1,18,0.928,3,Shewanella sp. (strain MR-7),uppP,antibiotic resistance
P32482,29,1,0,28,0.928,27,Pseudomonas aeruginosa,cmlA,antibiotic resistance
Q12200,87,1,2,84,0.928,48,Saccharomyces cerevisiae (strain ATCC 204508 / S288c),NCR1,efflux pump
A8MFV5,17,1,1,15,0.927,10,Alkaliphilus oremlandii (strain OhILAs),uppP,antibiotic resistance
Q3ACY1,15,1,0,14,0.927,15,Carboxydothermus hydrogenoformans (strain ATCC BAA-161 / DSM 6008 / Z-2901),uppP,antibiotic resistance
C0RMI1,14,1,0,13,0.927,1,Brucella melitensis biotype 2 (strain ATCC 23457),uppP,antibiotic resistance
Q3YZV2,20,1,0,19,0.927,19,Shigella sonnei (strain Ss046),arnC,antibiotic resistance
Q82Y49,27,2,1,24,0.927,15,Nitrosomonas europaea (strain ATCC 19718 / CIP 103999 / KCTC 2705 / NBRC 14298),uppP,antibiotic resistance
P30845,41,3,0,38,0.927,31,Escherichia coli (strain K12),eptA,antibiotic resistance
P22616,14,1,0,13,0.926,1,Haemophilus influenzae,cat-IIH,antibiotic resistance
A8ZXM2,18,1,0,17,0.926,15,Desulfosudis oleivorans (strain DSM 6200 / JCM 39069 / Hxd3),uppP,antibiotic resistance
I6Y0R5,31,2,1,28,0.926,2,Mycobacterium tuberculosis (strain ATCC 25618 / H37Rv),folC,antibiotic resistance
B8GUR7,19,1,0,18,0.926,13,Thioalkalivibrio sulfidiphilus (strain HL-EbGR7),uppP,antibiotic resistance
Q9I4F8,43,3,0,40,0.926,27,Pseudomonas aeruginosa (strain ATCC 15692 / DSM 22644 / CIP 104116 / JCM 14847 / LMG 12228 / 1C / PRS 101 / PAO1),phoQ,colistin resistance
Q9K618,43,1,1,41,0.926,42,Halalkalibacterium halodurans (strain ATCC BAA-125 / DSM 18197 / FERM 7344 / JCM 9153 / C-125),bceB,antibiotic resistance
P02981,32,1,1,30,0.925,5,Escherichia coli,tetA,antibiotic resistance
A4XUB9,17,1,2,14,0.925,1,Ectopseudomonas mendocina (strain ymp),uppP,antibiotic resistance
Q6AKL2,13,1,1,11,0.924,13,Desulfotalea psychrophila (strain LSv54 / DSM 12343),uppP,antibiotic resistance
Q93QY7,72,2,3,67,0.924,68,Staphylococcus xylosus,mprF,antibiotic resistance
P31224,28,1,1,26,0.924,28,Escherichia coli (strain K12),acrB,efflux pump
P9WG22,28,4,0,24,0.924,2,Mycobacterium tuberculosis (strain CDC 1551 / Oshkosh),drrB,antibiotic resistance
A1ADA8,26,1,0,25,0.924,1,Escherichia coli O1:K1 / APEC,arnD,antibiotic resistance
D0ZV89,47,1,0,46,0.924,16,Salmonella typhimurium (strain 14028s / SGSC 2262),phoQ,colistin resistance
B2SC28,16,1,0,15,0.924,1,Brucella abortus (strain S19),uppP,antibiotic resistance
Q8EIL8,52,1,0,51,0.923,1,Shewanella oneidensis (strain ATCC 700550 / JCM 31522 / CIP 106686 / LMG 19005 / NCIMB 14063 / MR-1),macB,antibiotic resistance
Q8CWZ1,23,1,0,22,0.923,20,Streptococcus mutans serotype c (strain ATCC 700610 / UA159),uppP,antibiotic resistance
P64784,27,1,0,26,0.923,27,Mycobacterium bovis (strain ATCC BAA-935 / AF2122/97),tap,antibiotic resistance
P0AES8,60,2,1,57,0.923,8,Shigella flexneri,gyrB,antibiotic resistance
Q9HZ62,17,1,0,16,0.922,16,Pseudomonas aeruginosa (strain ATCC 15692 / DSM 22644 / CIP 104116 / JCM 14847 / LMG 12228 / 1C / PRS 101 / PAO1),mupP,antibiotic resistance
Q15X16,19,1,0,18,0.922,2,Pseudoalteromonas atlantica (strain T6c / ATCC BAA-1087),uppP,antibiotic resistance
Q04BL0,17,1,0,16,0.922,3,Lactobacillus delbrueckii subsp. bulgaricus (strain ATCC BAA-365 / Lb-18),uppP,antibiotic resistance
Q1R9G1,25,1,1,23,0.922,25,Escherichia coli (strain UTI89 / UPEC),arnC,antibiotic resistance
P62465,16,2,0,14,0.922,4,Leptospira interrogans serogroup Icterohaemorrhagiae serovar copenhageni (strain Fiocruz L1-130),uppP,antibiotic resistance
P14551,25,1,1,23,0.922,2,Streptomyces rimosus,tetB,antibiotic resistance
Q0HG46,18,1,0,17,0.922,6,Shewanella sp. (strain MR-4),uppP,antibiotic resistance
Q3BZ95,18,1,1,16,0.921,1,Xanthomonas euvesicatoria pv. vesicatoria (strain 85-10),uppP,antibiotic resistance
Q8FFM1,48,1,1,46,0.921,3,Escherichia coli O6:H1 (strain CFT073 / ATCC 700928 / UPEC),arnA,antibiotic resistance
A8Z415,25,1,0,24,0.92,24,Staphylococcus aureus (strain USA300 / TCH1516),norB,antibiotic resistance
A7H0X7,15,2,1,12,0.92,15,Campylobacter curvus (strain 525.92),uppP,antibiotic resistance
Q2YY45,23,1,0,22,0.92,23,Staphylococcus aureus (strain bovine RF122 / ET3-1),norB,antibiotic resistance
D0ZXQ3,33,1,0,32,0.92,21,Salmonella typhimurium (strain 14028s / SGSC 2262),smvA,efflux pump
P09979,21,1,0,20,0.92,8,Streptomyces hygroscopicus,hyg,antibiotic resistance
O82855,38,4,0,34,0.92,20,Vibrio parahaemolyticus serotype O3:K6 (strain RIMD 2210633),norM,antibiotic resistance
Q4L4A6,17,1,0,16,0.919,17,Staphylococcus haemolyticus (strain JCSC1435),uppP,antibiotic resistance
B0VS31,14,1,1,12,0.919,8,Acinetobacter baumannii (strain SDF),uppP,antibiotic resistance
P50074,52,1,1,50,0.918,1,Streptomyces niveus,gyrBR,antibiotic resistance
P32071,32,2,0,30,0.918,31,Candida maltosa,CYHR,antibiotic resistance
Q0C1N8,49,2,1,46,0.918,27,Hyphomonas neptunium (strain ATCC 15444),macB,antibiotic resistance
Q47745,35,1,0,34,0.918,9,Enterococcus faecalis (strain ATCC 700802 / V583),vanSB,antibiotic resistance
A8FS68,17,1,0,16,0.918,2,Shewanella sediminis (strain HAW-EB3),uppP,antibiotic resistance
Q87CN8,22,2,0,20,0.917,1,Xylella fastidiosa (strain Temecula1 / ATCC 700964),uppP,antibiotic resistance
Q01911,26,1,0,25,0.917,4,Bacteroides fragilis,tetX,antibiotic resistance
Q9KRU4,50,1,0,49,0.917,44,Vibrio cholerae serotype O1 (strain ATCC 39315 / El Tor Inaba N16961),norM,antibiotic resistance
Q3YZV1,40,1,1,38,0.917,3,Shigella sonnei (strain Ss046),arnA,antibiotic resistance
P43433,19,1,1,17,0.916,4,Micromonospora griseorubida,myrB,antibiotic resistance
P0A2I3,50,1,0,49,0.916,42,Salmonella typhimurium (strain LT2 / SGSC1412 / ATCC 700720),gyrB,antibiotic resistance
P13924,27,2,0,25,0.916,3,Streptococcus agalactiae,tet,antibiotic resistance
B4TPI2,35,1,1,33,0.916,11,Salmonella schwarzengrund (strain CVM19633),arnA,antibiotic resistance
Q0T2M7,25,1,0,24,0.915,14,Shigella flexneri serotype 5b (strain 8401),arnD,antibiotic resistance
P9WJX3,27,1,0,26,0.915,25,Mycobacterium tuberculosis (strain ATCC 25618 / H37Rv),Probable,antibiotic resistance
B4TBG6,37,1,1,35,0.915,2,Salmonella heidelberg (strain SL476),arnA,antibiotic resistance
Q831R1,15,1,1,13,0.915,1,Enterococcus faecalis (strain ATCC 700802 / V583),uppP,antibiotic resistance
Q5HVG3,50,1,0,49,0.914,3,Campylobacter jejuni (strain RM1221),macB,antibiotic resistance
Q87QJ4,9,4,0,5,0.913,1,Vibrio parahaemolyticus serotype O3:K6 (strain RIMD 2210633),Short-chain,efflux pump
P0A042,9,1,0,8,0.913,3,Staphylococcus aureus,blaI,antibiotic resistance
P27245,9,1,0,8,0.912,9,Escherichia coli (strain K12),marR,antibiotic resistance
D9RQS7,35,1,0,34,0.912,1,Staphylococcus aureus (strain JKD6008),tcaA,antibiotic resistance
A1AW91,18,1,1,16,0.912,18,Ruthia magnifica subsp. Calyptogena magnifica,uppP,antibiotic resistance
P9WJU7,81,2,0,79,0.912,16,Mycobacterium tuberculosis (strain ATCC 25618 / H37Rv),mmpL7,efflux pump
B5FNT9,36,1,1,34,0.911,16,Salmonella dublin (strain CT_02021853),arnA,antibiotic resistance
B7NAU0,25,1,1,23,0.91,21,Escherichia coli O17:K52:H18 (strain UMN026 / ExPEC),mdtH,antibiotic resistance
P0C0R6,43,1,2,40,0.91,5,Salmonella choleraesuis (strain SC-B67),arnA,antibiotic resistance
P0AEZ0,19,1,1,17,0.91,12,Escherichia coli O157:H7,mdfA,antibiotic resistance
A8G4L8,20,1,0,19,0.91,3,Prochlorococcus marinus (strain MIT 9215),uppP,antibiotic resistance
Q1QRR2,19,1,1,17,0.91,1,Nitrobacter hamburgensis (strain DSM 10229 / NCIMB 13809 / X14),uppP,antibiotic resistance
B7VBN3,27,2,0,25,0.909,10,Pseudomonas aeruginosa (strain LESB58),arnC,antibiotic resistance
A0QHC4,95,1,0,94,0.909,15,Mycobacterium avium (strain 104),lysX,antibiotic resistance
P33733,21,2,0,19,0.908,2,Salmonella ordonez,tetA,antibiotic resistance
P51564,23,1,1,21,0.908,2,Pasteurella multocida,tetA,antibiotic resistance
P9WIE4,45,2,0,43,0.908,25,Mycobacterium tuberculosis (strain CDC 1551 / Oshkosh),katG,antibiotic resistance
A0K593,15,2,1,12,0.908,1,Burkholderia cenocepacia (strain HI2424),uppP1,antibiotic resistance
P9WIE5,45,2,0,43,0.908,25,Mycobacterium tuberculosis (strain ATCC 25618 / H37Rv),katG,antibiotic resistance
P46817,45,2,0,43,0.908,25,,,
P9WJX9,32,1,1,30,0.907,10,Mycobacterium tuberculosis (strain ATCC 25618 / H37Rv),tap,antibiotic resistance
Q9CC42,19,1,1,17,0.907,19,Mycobacterium leprae (strain TN),uppP,antibiotic resistance
Q9KJC3,31,1,0,30,0.907,4,Pseudomonas putida,arpA,antibiotic resistance
P0AES7,52,1,1,50,0.906,28,Escherichia coli O157:H7,gyrB,antibiotic resistance
O34741,52,2,1,49,0.906,26,Bacillus subtilis (strain 168),bceB,antibiotic resistance
A5CRN8,16,1,2,13,0.906,7,Clavibacter michiganensis subsp. michiganensis (strain NCPPB 382),uppP,antibiotic resistance
B8J8T6,25,1,1,23,0.906,2,Anaeromyxobacter dehalogenans (strain ATCC BAA-258 / DSM 21875 / 2CP-1),uppP,antibiotic resistance
A4W3V2,17,1,0,16,0.906,3,Streptococcus suis (strain 98HAH33),uppP,antibiotic resistance
B4U4X0,21,1,0,20,0.906,2,Streptococcus equi subsp. zooepidemicus (strain MGCS10565),uppP,antibiotic resistance
C0QU08,17,2,0,15,0.905,3,Persephonella marina (strain DSM 14350 / EX-H1),uppP,antibiotic resistance
O07549,64,1,1,62,0.905,13,Bacillus subtilis (strain 168),bmrD,antibiotic resistance
Q39QX7,18,1,0,17,0.905,17,Geobacter metallireducens (strain ATCC 53774 / DSM 7210 / GS-15),uppP,antibiotic resistance
P24181,30,1,0,29,0.905,25,Escherichia coli (strain K12),acrF,efflux pump
P97046,58,1,1,56,0.905,57,Lactococcus lactis subsp. cremoris (strain MG1363),lmrA,antibiotic resistance
A4VNS0,17,1,1,15,0.904,10,Stutzerimonas stutzeri (strain A1501),uppP2,antibiotic resistance
P00486,16,1,0,15,0.904,1,Staphylococcus aureus,cat,antibiotic resistance
Q6HI21,15,1,1,13,0.903,4,Bacillus thuringiensis subsp. konkukian (strain 97-27),uppP4,antibiotic resistance
Q0T2M9,23,1,0,22,0.903,22,Shigella flexneri serotype 5b (strain 8401),arnC,antibiotic resistance
Q81CP1,17,2,0,15,0.903,11,Bacillus cereus (strain ATCC 14579 / DSM 31 / CCUG 7414 / JCM 2152 / NBRC 15305 / NCIMB 9373 / NCTC 2599 / NRRL B-3711),uppP3,antibiotic resistance
B0T669,17,2,0,15,0.903,3,Caulobacter sp. (strain K31),uppP,antibiotic resistance
Q1WDN2,13,2,0,11,0.903,4,Rhizobium leguminosarum,lpxF,antibiotic resistance
Q8FBV0,19,1,0,18,0.902,16,Escherichia coli O6:H1 (strain CFT073 / ATCC 700928 / UPEC),mdtL,antibiotic resistance
Q2NRV7,39,2,0,37,0.902,39,Sodalis glossinidius (strain morsitans),arnA,antibiotic resistance
A1WUY5,18,1,0,17,0.902,1,Halorhodospira halophila (strain DSM 244 / SL1),uppP,antibiotic resistance
Q8RIA6,16,1,0,15,0.902,14,Fusobacterium nucleatum subsp. nucleatum (strain ATCC 25586 / DSM 15643 / BCRC 10681 / CIP 101130 / JCM 8532 / KCTC 2640 / LMG 13131 / VPI 4355),uppP,antibiotic resistance
A4SQW9,41,1,1,39,0.901,1,Aeromonas salmonicida (strain A449),arnA,antibiotic resistance
P39386,22,1,2,19,0.901,18,Escherichia coli (strain K12),mdtM,antibiotic resistance
B5YXP9,26,1,0,25,0.901,10,Escherichia coli O157:H7 (strain EC4115 / EHEC),arnD,antibiotic resistance
P37871,99,1,1,97,0.901,26,Bacillus subtilis (strain 168),rpoC,antibiotic resistance
Q8Z540,38,1,0,37,0.901,2,Salmonella typhi,arnA,antibiotic resistance
A8FK06,17,1,1,15,0.9,3,Campylobacter jejuni subsp. jejuni serotype O:6 (strain 81116 / NCTC 11828),uppP,antibiotic resistance
B2RI48,18,1,0,17,0.9,1,Porphyromonas gingivalis (strain ATCC 33277 / DSM 20709 / CIP 103683 / JCM 12257 / NCTC 11834 / 2561),lpxF,antibiotic resistance
P0AE07,29,1,0,28,0.899,4,Escherichia coli O157:H7,acrA,antibiotic resistance
A1BE93,23,1,0,22,0.899,5,Chlorobium phaeobacteroides (strain DSM 266 / SMG 266 / 2430),uppP,antibiotic resistance
Q63MM6,58,1,1,56,0.899,1,Burkholderia pseudomallei (strain K96243),macB,antibiotic resistance
Q9RNL1,16,1,0,15,0.899,2,Zymomonas mobilis subsp. mobilis (strain ATCC 31821 / ZM4 / CP4),uppP,antibiotic resistance
Q3JGG7,60,2,1,57,0.899,1,Burkholderia pseudomallei (strain 1710b),macB,antibiotic resistance
P0AE06,29,1,0,28,0.899,4,Escherichia coli (strain K12),acrA,antibiotic resistance
P60936,17,1,1,15,0.899,14,Bdellovibrio bacteriovorus (strain ATCC 15356 / DSM 50701 / NCIMB 9529 / HD100),uppP,antibiotic resistance
D0JKF6,29,1,0,28,0.898,2,Yersinia pestis (strain D106004),mdfA,antibiotic resistance
A6T273,24,1,2,21,0.898,2,Janthinobacterium sp. (strain Marseille),uppP,antibiotic resistance
A0RET0,16,1,0,15,0.898,2,Bacillus thuringiensis (strain Al Hakam),uppP4,antibiotic resistance
C0M8J5,20,1,0,19,0.898,1,Streptococcus equi subsp. equi (strain 4047),uppP,antibiotic resistance
Q4ZSZ3,26,1,1,24,0.897,15,Pseudomonas syringae pv. syringae (strain B728a),arnC,antibiotic resistance
Q1CJW8,65,1,0,64,0.897,3,Yersinia pestis bv. Antiqua (strain Nepal516),macB1,antibiotic resistance
Q478U2,20,1,0,19,0.897,3,Dechloromonas aromatica (strain RCB),uppP,antibiotic resistance
B9KYE6,13,1,0,12,0.897,13,Thermomicrobium roseum (strain ATCC 27502 / DSM 5159 / P-2),uppP,antibiotic resistance
Q12KC1,23,2,0,21,0.896,5,Shewanella denitrificans (strain OS217 / ATCC BAA-1090 / DSM 15013),uppP,antibiotic resistance
Q8PQW6,20,1,1,18,0.896,1,Xanthomonas axonopodis pv. citri (strain 306),uppP,antibiotic resistance
Q7M0R2,10,1,1,8,0.896,4,Micromonospora zionensis,sgm,antibiotic resistance
Q7N3Q8,19,1,0,18,0.896,2,Photorhabdus laumondii subsp. laumondii (strain DSM 15139 / CIP 105565 / TT01),arnD,antibiotic resistance
B6I9E2,28,1,0,27,0.896,13,Escherichia coli (strain SE11),mdtH,antibiotic resistance
Q50395,72,1,2,69,0.896,16,Mycolicibacterium smegmatis,embB,antibiotic resistance
B4ETL6,31,1,0,30,0.895,28,Proteus mirabilis (strain HI4320),arnC,antibiotic resistance
Q8FWV9,77,1,2,74,0.895,38,Brucella suis biovar 1 (strain 1330),bepG,efflux pump
Q8E9K1,20,1,0,19,0.895,17,Shewanella oneidensis (strain ATCC 700550 / JCM 31522 / CIP 106686 / LMG 19005 / NCIMB 14063 / MR-1),uppP2,antibiotic resistance
A0K6E4,23,1,0,22,0.895,2,Burkholderia cenocepacia (strain HI2424),uppP2,antibiotic resistance
P45123,22,1,0,21,0.895,3,Haemophilus influenzae (strain ATCC 51907 / DSM 11121 / KW20 / Rd),bcr,antibiotic resistance
P68262,10,1,0,9,0.894,6,Staphylococcus aureus,mecI,antibiotic resistance
A7H6N5,31,1,0,30,0.893,6,Anaeromyxobacter sp. (strain Fw109-5),uppP,antibiotic resistance
P9WG90,35,1,0,34,0.893,13,Mycobacterium tuberculosis (strain CDC 1551 / Oshkosh),stp,antibiotic resistance
A1U0A9,48,1,2,45,0.893,41,Marinobacter nauticus (strain ATCC 700491 / DSM 11845 / VT8),macB,antibiotic resistance
Q2KVS6,56,1,0,55,0.893,1,Bordetella avium (strain 197N),macB,antibiotic resistance
Q53770,49,1,0,48,0.893,26,Staphylococcus aureus,tetM,antibiotic resistance
Q5LJ30,11,1,0,10,0.892,11,Bacteroides fragilis (strain ATCC 25285 / DSM 2151 / CCUG 4856 / JCM 11019 / LMG 10263 / NCTC 9343 / Onslow / VPI 2553 / EN-2),uppP,antibiotic resistance
P13511,80,1,3,76,0.892,5,Cupriavidus metallidurans (strain ATCC 43123 / DSM 2839 / NBRC 102507 / CH34),czcA,efflux pump
Q55684,30,1,0,29,0.891,10,Synechocystis sp. (strain ATCC 27184 / PCC 6803 / Kazusa),uppP,antibiotic resistance
A0QZY5,15,1,1,13,0.891,1,Mycolicibacterium smegmatis (strain ATCC 700084 / mc(2)155),uppP,antibiotic resistance
A1W560,16,1,1,14,0.889,4,Acidovorax sp. (strain JS42),uppP,antibiotic resistance
P0AAW9,3,1,0,2,0.889,2,Escherichia coli (strain K12),acrZ,antibiotic resistance
Q932L5,13,1,0,12,0.889,13,Staphylococcus aureus (strain Mu50 / ATCC 700699),mecI,antibiotic resistance
F5ZP94,45,1,0,44,0.889,45,Salmonella typhimurium (strain ATCC 68169 / UK-1),phoQ,colistin resistance
P68261,11,1,0,10,0.888,6,Staphylococcus aureus (strain N315),mecI,antibiotic resistance
B7J1I6,17,1,0,16,0.888,2,Borreliella burgdorferi (strain ZS7),uppP,antibiotic resistance
P0AEY9,25,1,0,24,0.887,20,Escherichia coli O6:H1 (strain CFT073 / ATCC 700928 / UPEC),mdfA,antibiotic resistance
A1TNT7,22,1,1,20,0.887,19,Paracidovorax citrulli (strain AAC00-1),uppP,antibiotic resistance
A0KGY5,19,2,0,17,0.887,18,Aeromonas hydrophila subsp. hydrophila (strain ATCC 7966 / DSM 30187 / BCRC 13018 / CCUG 14551 / JCM 1027 / KCTC 2358 / NCIMB 9240 / NCTC 8049),arnD,antibiotic resistance
Q9HY64,27,2,0,25,0.887,18,Pseudomonas aeruginosa (strain ATCC 15692 / DSM 22644 / CIP 104116 / JCM 14847 / LMG 12228 / 1C / PRS 101 / PAO1),arnC,antibiotic resistance
P60939,25,1,2,22,0.886,4,Mycolicibacterium paratuberculosis (strain ATCC BAA-968 / K-10),uppP,antibiotic resistance
P0A1X4,14,1,0,13,0.886,1,Salmonella typhimurium (strain LT2 / SGSC1412 / ATCC 700720),lpxD,antibiotic resistance
Q5Z3P6,84,1,1,82,0.886,72,Nocardia farcinica (strain IFM 10152),lysX,antibiotic resistance
A7X2C6,28,1,0,27,0.886,4,Staphylococcus aureus (strain Mu3 / ATCC 700698),norB,antibiotic resistance
Q6GH45,69,1,4,64,0.885,21,Staphylococcus aureus (strain MRSA252),mprF,antibiotic resistance
Q1B769,20,1,1,18,0.885,4,Mycobacterium sp. (strain MCS),uppP,antibiotic resistance
Q6G9Z5,22,1,0,21,0.884,1,Staphylococcus aureus (strain MSSA476),rlmN,antibiotic resistance
Q9KFL5,27,2,2,23,0.884,8,Halalkalibacterium halodurans (strain ATCC BAA-125 / DSM 18197 / FERM 7344 / JCM 9153 / C-125),uppP1,antibiotic resistance
Q93A44,43,2,1,40,0.884,2,Enterococcus faecalis,vanTE,antibiotic resistance
O54281,10,1,0,9,0.884,10,Mammaliicoccus sciuri,mecI,antibiotic resistance
A0QWU8,12,1,0,11,0.884,5,Mycolicibacterium smegmatis (strain ATCC 700084 / mc(2)155),lprG,antibiotic resistance
Q6FAW0,16,2,0,14,0.884,2,Acinetobacter baylyi (strain ATCC 33305 / BD413 / ADP1),aceI,efflux pump
B1IXT1,27,1,0,26,0.883,8,Escherichia coli (strain ATCC 8739 / DSM 1576 / NBRC 3972 / NCIMB 8545 / WDCM 00012 / Crooks),arnD,antibiotic resistance
A3DHS8,17,1,0,16,0.883,5,Acetivibrio thermocellus (strain ATCC 27405 / DSM 1237 / JCM 9322 / NBRC 103400 / NCIMB 10682 / NRRL B-4536 / VPI 7372),uppP,antibiotic resistance
B2GIP7,17,1,0,16,0.883,10,Kocuria rhizophila (strain ATCC 9341 / DSM 348 / NBRC 103217 / DC2201),uppP,antibiotic resistance
A9N5B2,39,1,1,37,0.883,29,Salmonella paratyphi B (strain ATCC BAA-1250 / SPB7),arnA,antibiotic resistance
B7MIJ4,29,1,0,28,0.883,3,Escherichia coli O45:K1 (strain S88 / ExPEC),mdtG,antibiotic resistance
P9WLN1,20,1,0,19,0.882,2,Mycobacterium tuberculosis (strain ATCC 25618 / H37Rv),MTCY39.12,antibiotic resistance
Q0RJJ1,26,1,1,24,0.882,8,Frankia alni (strain DSM 45986 / CECT 9034 / ACN14a),uppP2,antibiotic resistance
B2V5I7,16,1,1,14,0.881,4,Sulfurihydrogenibium sp. (strain YO3AOP1),uppP,antibiotic resistance
Q88F88,47,1,0,46,0.881,40,Pseudomonas putida (strain ATCC 47054 / DSM 6125 / CFBP 8728 / NCIMB 11950 / KT2440),pvdT,antibiotic resistance
Q60136,64,1,0,63,0.881,38,Priestia megaterium,pac,antibiotic resistance
Q8ZNQ2,78,4,1,73,0.881,17,Salmonella typhimurium (strain LT2 / SGSC1412 / ATCC 700720),mdtB,efflux pump
Q62HT6,18,1,0,17,0.88,8,Burkholderia mallei (strain ATCC 23344),uppP,antibiotic resistance
P36890,32,2,1,29,0.88,8,Staphylococcus hyicus,tet,antibiotic resistance
P16657,17,1,1,15,0.88,1,Salmonella typhimurium (strain LT2 / SGSC1412 / ATCC 700720),fabI,antibiotic resistance
P28873,33,1,1,31,0.88,28,Candida albicans,MDR1,antibiotic resistance
Q7ULB5,58,1,2,55,0.879,58,Rhodopirellula baltica (strain DSM 10527 / NCIMB 13988 / SH1),macB,antibiotic resistance
P0C002,17,1,0,16,0.879,3,Escherichia coli,sul1,antibiotic resistance
P0A041,11,1,0,10,0.879,5,Staphylococcus epidermidis (strain ATCC 12228 / FDA PCI 1200),blaI,antibiotic resistance
A4SHM8,23,1,1,21,0.879,13,Aeromonas salmonicida (strain A449),uppP,antibiotic resistance
P13956,18,1,0,17,0.879,1,Bacillus subtilis,ermC',antibiotic resistance
P43485,29,1,2,26,0.879,1,Streptomyces lavendulae,mcrA,antibiotic resistance
Q2RYH3,19,2,0,17,0.878,3,Rhodospirillum rubrum (strain ATCC 11170 / ATH 1.1.1 / DSM 467 / LMG 4362 / NCIMB 8255 / S1),uppP1,antibiotic resistance
A1A9W0,29,1,1,27,0.878,26,Escherichia coli O1:K1 / APEC,mdtH,antibiotic resistance
C0Q068,20,1,0,19,0.878,18,Salmonella paratyphi C (strain RKS4594),arnD,antibiotic resistance
P9WJB1,17,1,1,15,0.878,1,Mycobacterium tuberculosis (strain ATCC 25618 / H37Rv),Fluoroquinolone,antibiotic resistance
B5XTK9,42,1,0,41,0.877,1,Klebsiella variicola (strain 342),arnA,antibiotic resistance
Q66A06,33,1,2,30,0.877,22,Yersinia pseudotuberculosis serotype I (strain IP32953),arnT,colistin resistance
Q3B5P9,21,1,1,19,0.877,3,Chlorobium luteolum (strain DSM 273 / BCRC 81028 / 2530),uppP,antibiotic resistance
Q56148,7,1,0,6,0.877,1,Streptomyces venezuelae (strain ATCC 10712 / CBS 650.69 / DSM 40230 / JCM 4526 / NBRC 13096 / PD 04745),Chloramphenicol,antibiotic resistance
Q1Q993,21,1,0,20,0.876,1,Psychrobacter cryohalolentis (strain ATCC BAA-1226 / DSM 17306 / VKM B-2378 / K5),uppP,antibiotic resistance
Q48791,57,1,0,56,0.876,5,Listeria monocytogenes,tetS,antibiotic resistance
Q8X3J5,67,1,1,65,0.876,19,Escherichia coli O157:H7,mdtF,antibiotic resistance
Q9X482,18,1,0,17,0.875,4,Chryseobacterium indologenes,IND-1,antibiotic resistance
Q9PCE0,21,1,0,20,0.875,1,Xylella fastidiosa (strain 9a5c),uppP,antibiotic resistance
B2GDY8,15,1,1,13,0.875,13,Limosilactobacillus fermentum (strain NBRC 3956 / LMG 18251),uppP,antibiotic resistance
Q7M8U0,46,1,2,43,0.874,6,Wolinella succinogenes (strain ATCC 29543 / DSM 1740 / CCUG 13145 / JCM 31913 / LMG 7466 / NCTC 11488 / FDC 602W),macB,antibiotic resistance
A7MWQ3,21,1,0,20,0.874,18,Vibrio campbellii (strain ATCC BAA-1116),uppP,antibiotic resistance
Q8XB84,20,2,0,18,0.874,20,Escherichia coli O157:H7,mdtM,antibiotic resistance
Q8E7M0,18,1,0,17,0.874,1,Streptococcus agalactiae serotype III (strain NEM316),uppP,antibiotic resistance
C5BDQ5,29,1,1,27,0.874,26,Edwardsiella ictaluri (strain 93-146),arnC,antibiotic resistance
P05193,19,1,0,18,0.874,1,Citrobacter freundii,ampC,antibiotic resistance
Q7M8Z9,17,3,0,14,0.874,1,Wolinella succinogenes (strain ATCC 29543 / DSM 1740 / CCUG 13145 / JCM 31913 / LMG 7466 / NCTC 11488 / FDC 602W),uppP,antibiotic resistance
P22615,14,2,0,12,0.873,5,Escherichia coli,cmlA,antibiotic resistance
Q02VT8,18,1,0,17,0.873,3,Lactococcus lactis subsp. cremoris (strain SK11),uppP,antibiotic resistance
Q820A8,32,2,0,30,0.872,26,Enterococcus faecalis (strain ATCC 700802 / V583),ireK,beta-lactamase
Q0PAR0,49,1,0,48,0.872,16,Campylobacter jejuni subsp. jejuni serotype O:2 (strain ATCC 700819 / NCTC 11168),macB,antibiotic resistance
P00484,15,1,0,14,0.872,3,Escherichia coli,cat3,antibiotic resistance
Q8KFE9,53,2,1,50,0.872,1,Chlorobaculum tepidum (strain ATCC 49652 / DSM 12025 / NBRC 103806 / TLS),macB,antibiotic resistance
F4ZCI3,20,1,0,19,0.871,1,Mycobacterium sp. (strain JS330),nnhA,antibiotic resistance
Q92NU9,52,1,0,51,0.871,17,Rhizobium meliloti (strain 1021),macB,antibiotic resistance
Q83QT8,44,1,0,43,0.871,1,Shigella flexneri,arnA,antibiotic resistance
Q16DZ2,16,1,0,15,0.871,9,Roseobacter denitrificans (strain ATCC 33942 / OCh 114),uppP,antibiotic resistance
B7LM77,25,2,0,23,0.87,16,Escherichia fergusonii (strain ATCC 35469 / DSM 13698 / CCUG 18766 / IAM 14443 / JCM 21226 / LMG 7866 / NBRC 102419 / NCTC 12128 / CDC 0568-73),arnC,antibiotic resistance
Q11WJ0,22,1,1,20,0.87,22,Cytophaga hutchinsonii (strain ATCC 33406 / DSM 1761 / CIP 103989 / NBRC 15051 / NCIMB 9469 / D465),uppP,antibiotic resistance
P9WMJ4,11,1,0,10,0.869,10,Mycobacterium tuberculosis (strain CDC 1551 / Oshkosh),blaI,antibiotic resistance
Q2W9Z8,19,1,0,18,0.869,3,Paramagnetospirillum magneticum (strain ATCC 700264 / AMB-1),uppP1,antibiotic resistance
Q932I8,53,1,2,50,0.869,53,Staphylococcus aureus (strain Mu50 / ATCC 700699),tetM,antibiotic resistance
P36619,111,2,1,108,0.869,58,Schizosaccharomyces pombe (strain 972 / ATCC 24843),pmd1,antibiotic resistance
A6H239,20,1,2,17,0.869,1,Flavobacterium psychrophilum (strain ATCC 49511 / DSM 21280 / CIP 103535 / JIP02/86),uppP,antibiotic resistance
P06555,9,2,0,7,0.868,2,Bacillus licheniformis,blaI,antibiotic resistance
P37637,74,3,0,71,0.868,68,Escherichia coli (strain K12),mdtF,antibiotic resistance
A5FWG2,20,1,0,19,0.868,3,Acidiphilium cryptum (strain JF-5),uppP,antibiotic resistance
Q9KJC1,36,1,0,35,0.868,8,Pseudomonas putida,arpC,antibiotic resistance
P12256,17,1,0,16,0.867,1,Lysinibacillus sphaericus,Penicillin,antibiotic resistance
B7IFS1,16,1,0,15,0.867,2,Thermosipho africanus (strain TCF52B),uppP,antibiotic resistance
O34474,30,2,1,27,0.867,26,Bacillus subtilis (strain 168),yoeA,antibiotic resistance
Q2JJZ9,19,1,0,18,0.867,6,Synechococcus sp. (strain JA-2-3B'a(2-13)),uppP,antibiotic resistance
B9DPM7,15,1,0,14,0.867,3,Staphylococcus carnosus (strain TM300),rlmN,antibiotic resistance
Q2J7L5,20,2,0,18,0.867,2,Frankia casuarinae (strain DSM 45818 / CECT 9043 / HFP020203 / CcI3),Krm,antibiotic resistance
Q323U7,22,1,0,21,0.866,3,Shigella boydii serotype 4 (strain Sb227),mdfA,antibiotic resistance
A7ZKF6,30,1,1,28,0.866,21,Escherichia coli O139:H28 (strain E24377A / ETEC),mdtG,antibiotic resistance
Q1LSL8,18,1,0,17,0.865,3,Baumannia cicadellinicola subsp. Homalodisca coagulata,uppP,antibiotic resistance
P0C2H3,52,1,2,49,0.865,4,Escherichia coli O1:K1 / APEC,macB2,antibiotic resistance
P62577,11,1,0,10,0.865,1,Escherichia coli,cat,antibiotic resistance
A4SDF5,24,1,1,22,0.865,1,Chlorobium phaeovibrioides (strain DSM 265 / 1930),uppP,antibiotic resistance
B5R273,16,1,0,15,0.864,10,Salmonella enteritidis PT4 (strain P125109),arnD,antibiotic resistance
Q4KC82,42,1,0,41,0.864,3,Pseudomonas fluorescens (strain ATCC BAA-477 / NRRL B-23932 / Pf-5),arnA,antibiotic resistance
P0DXU6,23,1,1,21,0.864,3,Streptomyces coeruleorubidus,drrB2,antibiotic resistance
A9L5I7,21,2,1,18,0.864,4,Shewanella baltica (strain OS195),uppP,antibiotic resistance
Q2T4B3,54,1,1,52,0.864,41,Burkholderia thailandensis (strain ATCC 700388 / DSM 13276 / CCUG 48851 / CIP 106301 / E264),macB,antibiotic resistance
P05057,20,1,0,19,0.862,1,Staphylococcus aureus,knt,antibiotic resistance
Q8XDZ5,23,1,1,21,0.862,21,Escherichia coli O157:H7,arnC,antibiotic resistance
Q0I740,20,1,1,18,0.861,1,Synechococcus sp. (strain CC9311),uppP,antibiotic resistance
B5BCP5,19,1,1,17,0.861,3,Salmonella paratyphi A (strain AKU_12601),arnD,antibiotic resistance
Q9K407,20,1,0,19,0.861,13,Streptomyces coelicolor (strain ATCC BAA-471 / A3(2) / M145),uppP2,antibiotic resistance
Q1C741,26,1,0,25,0.861,14,Yersinia pestis bv. Antiqua (strain Antiqua),arnC,antibiotic resistance
Q89WH1,20,1,2,17,0.861,4,Bradyrhizobium diazoefficiens (strain JCM 10833 / BCRC 13528 / IAM 13628 / NBRC 14792 / USDA 110),uppP,antibiotic resistance
Q89AR2,51,1,0,50,0.86,2,Buchnera aphidicola subsp. Baizongia pistaciae (strain Bp),mrcB,antibiotic resistance
A1TAC7,88,1,1,86,0.86,37,Mycolicibacterium vanbaalenii (strain DSM 7251 / JCM 13017 / BCRC 16820 / KCTC 9966 / NRRL B-24157 / PYR-1),lysX,antibiotic resistance
B5BCP6,37,1,1,35,0.86,29,Salmonella paratyphi A (strain AKU_12601),arnA,antibiotic resistance
P32010,24,1,0,23,0.86,14,Streptomyces peucetius,drrA,antibiotic resistance
A0A0H3M5L9,23,2,0,21,0.86,15,Mycobacterium bovis (strain BCG / Pasteur 1173P2),tap,antibiotic resistance
Q4ZS30,21,1,0,20,0.859,2,Pseudomonas syringae pv. syringae (strain B728a),uppP,antibiotic resistance
Q3AH68,20,1,0,19,0.859,1,Synechococcus sp. (strain CC9605),uppP,antibiotic resistance
A0QGK1,23,1,1,21,0.859,17,Mycobacterium avium (strain 104),uppP,antibiotic resistance
Q0SNQ3,18,1,0,17,0.858,2,Borreliella afzelii (strain PKo),uppP,antibiotic resistance
P05382,26,1,1,24,0.858,15,,,
P9WJB3,15,1,0,14,0.858,4,Mycobacterium tuberculosis (strain ATCC 25618 / H37Rv),Fluoroquinolone,antibiotic resistance
A4SQX0,21,1,1,19,0.858,20,Aeromonas salmonicida (strain A449),arnD,antibiotic resistance
A2RCI8,18,1,1,16,0.857,17,Streptococcus pyogenes serotype M5 (strain Manfredo),uppP,antibiotic resistance
Q7MUH6,16,1,0,15,0.857,11,Porphyromonas gingivalis (strain ATCC BAA-308 / W83),uppP,antibiotic resistance
P9WMJ5,11,1,0,10,0.857,7,Mycobacterium tuberculosis (strain ATCC 25618 / H37Rv),blaI,antibiotic resistance
Q5WNX1,15,2,0,13,0.857,13,Enterococcus faecalis,bcrB,antibiotic resistance
Q3SQZ1,48,1,0,47,0.857,43,Nitrobacter winogradskyi (strain ATCC 25391 / DSM 10237 / CIP 104748 / NCIMB 11846 / Nb-255),macB,antibiotic resistance
B3E340,16,2,0,14,0.857,2,Trichlorobacter lovleyi (strain ATCC BAA-1151 / DSM 17278 / SZ),uppP,antibiotic resistance
B5XU34,22,1,0,21,0.857,4,Klebsiella variicola (strain 342),uppP,antibiotic resistance
Q6G1V5,51,1,1,49,0.857,1,Bartonella henselae (strain ATCC 49882 / DSM 28221 / CCUG 30454 / Houston 1),macB,antibiotic resistance
Q3ATC0,24,1,1,22,0.857,2,Chlorobium chlorochromatii (strain CaD3),uppP,antibiotic resistance
P96712,38,2,2,34,0.857,3,Bacillus subtilis (strain 168),bmr3,antibiotic resistance
P94507,15,1,2,12,0.856,3,Bacillus subtilis (strain 168),uppP,antibiotic resistance
Q2NRV8,19,1,0,18,0.856,1,Sodalis glossinidius (strain morsitans),arnD,antibiotic resistance
Q9RB37,20,1,0,19,0.856,3,Flavobacterium johnsoniae (strain ATCC 17061 / DSM 2064 / JCM 8514 / BCRC 14874 / CCUG 350202 / NBRC 14942 / NCIMB 11054 / UW101),uppP,antibiotic resistance
Q3KCC1,48,1,0,47,0.856,1,Pseudomonas fluorescens (strain Pf0-1),arnA,antibiotic resistance
Q39HK8,22,2,0,20,0.856,17,Burkholderia lata (strain ATCC 17760 / DSM 23089 / LMG 22485 / NCIMB 9086 / R18194 / 383),uppP2,antibiotic resistance
A0QXX7,32,1,0,31,0.855,32,,,
C0HMD9,20,1,0,19,0.855,3,Escherichia coli,sul3,antibiotic resistance
P23874,34,1,0,33,0.855,1,Escherichia coli (strain K12),hipA,antibiotic resistance
Q740J9,85,1,0,84,0.855,7,Mycolicibacterium paratuberculosis (strain ATCC BAA-968 / K-10),lysX,antibiotic resistance
A2S9B4,20,1,0,19,0.854,3,Burkholderia mallei (strain NCTC 10229),uppP,antibiotic resistance
Q4L8N9,31,2,0,29,0.854,30,Staphylococcus haemolyticus (strain JCSC1435),mepA,antibiotic resistance
A6QEW9,36,1,2,33,0.854,2,Staphylococcus aureus (strain Newman),graS,antibiotic resistance
Q31LS2,17,1,0,16,0.854,1,Synechococcus elongatus (strain ATCC 33912 / PCC 7942 / FACHB-805),uppP,antibiotic resistance
Q6GKQ0,17,1,1,15,0.853,1,Staphylococcus aureus (strain MRSA252),ermA1,antibiotic resistance
P0DUT9,14,1,1,12,0.853,2,Acinetobacter baumannii (strain ATCC 17978 / DSM 105126 / CIP 53.77 / LMG 1025 / NCDC KC755 / 5377),aceI,efflux pump
Q99WP2,27,2,0,25,0.853,21,Staphylococcus aureus (strain Mu50 / ATCC 700699),mepA,antibiotic resistance
O69395,23,1,0,22,0.852,1,Escherichia coli,bla,antibiotic resistance
P62578,14,1,0,13,0.852,2,Acinetobacter calcoaceticus subsp. anitratus,cat,antibiotic resistance
Q4KC13,21,1,1,19,0.852,5,Pseudomonas fluorescens (strain ATCC BAA-477 / NRRL B-23932 / Pf-5),uppP,antibiotic resistance
B1X9H8,29,1,3,25,0.851,24,Escherichia coli (strain K12 / DH10B),mdtH,antibiotic resistance
P9WNL7,73,1,0,72,0.851,56,Mycobacterium tuberculosis (strain ATCC 25618 / H37Rv),embB,antibiotic resistance
A0M5T6,13,1,0,12,0.851,13,Christiangramia forsetii (strain DSM 17595 / CGMCC 1.15422 / KT0803),uppP,antibiotic resistance
P68263,6,1,0,5,0.851,5,Staphylococcus epidermidis,mecI,antibiotic resistance
Q2W724,21,1,0,20,0.851,16,Paramagnetospirillum magneticum (strain ATCC 700264 / AMB-1),uppP2,antibiotic resistance
O52248,78,1,2,75,0.851,1,Pseudomonas putida (strain DOT-T1E),ttgB,antibiotic resistance
P07941,51,1,1,49,0.851,31,Kluyvera cryocrescens,pac,antibiotic resistance
Q39IU8,20,2,0,18,0.851,3,Burkholderia lata (strain ATCC 17760 / DSM 23089 / LMG 22485 / NCIMB 9086 / R18194 / 383),uppP1,antibiotic resistance
A1AV04,22,1,1,20,0.85,22,Pelobacter propionicus (strain DSM 2379 / NBRC 103807 / OttBd1),uppP,antibiotic resistance
P05530,11,1,0,10,0.85,1,Escherichia coli,mcbG,antibiotic resistance
A6TE36,18,1,0,17,0.85,17,Klebsiella pneumoniae subsp. pneumoniae (strain ATCC 700721 / MGH 78578),uppP,antibiotic resistance
P36882,16,1,0,15,0.848,1,Staphylococcus aureus,cat,antibiotic resistance
Q8D340,27,1,0,26,0.848,23,Wigglesworthia glossinidia brevipalpis,arnD,antibiotic resistance
Q5PNA6,37,1,1,35,0.848,26,Salmonella paratyphi A (strain ATCC 9150 / SARB42),arnA,antibiotic resistance
P0DXU4,15,1,0,14,0.848,1,Streptomyces coeruleorubidus,drrB1,antibiotic resistance
Q2LXE8,24,1,0,23,0.848,4,Syntrophus aciditrophicus (strain SB),uppP,antibiotic resistance
Q7A185,26,1,0,25,0.847,11,Staphylococcus aureus (strain MW2),fmtA,antibiotic resistance
P0C0G2,9,1,0,8,0.847,1,,,
A1V1I5,22,1,0,21,0.847,2,Burkholderia mallei (strain SAVP1),uppP,antibiotic resistance
Q93PD9,27,1,3,23,0.846,6,Yersinia pseudotuberculosis serotype I (strain IP32953),arnC,antibiotic resistance
P04483,11,1,1,9,0.846,1,Escherichia coli,tetR,antibiotic resistance
Q5P6K4,23,1,0,22,0.846,1,Aromatoleum aromaticum (strain DSM 19018 / LMG 30748 / EbN1),uppP,antibiotic resistance
Q07282,23,1,1,21,0.845,4,Escherichia coli,tetA,antibiotic resistance
Q5GU80,22,1,1,20,0.845,4,Xanthomonas oryzae pv. oryzae (strain KACC10331 / KXO85),uppP,antibiotic resistance
B8ZRD4,24,1,1,22,0.845,6,Mycobacterium leprae (strain Br4923),uppP,antibiotic resistance
Q9L5D6,38,1,0,37,0.845,2,Brevundimonas diminuta,Glutaryl-7-amin,antibiotic resistance
B5EZH9,19,1,1,17,0.844,6,Salmonella agona (strain SL483),arnD,antibiotic resistance
P13364,63,1,1,61,0.843,1,Pseudomonas putida,gyrB,antibiotic resistance
Q1MQW6,17,1,1,15,0.843,11,Lawsonia intracellularis (strain PHE/MN1-00),uppP,antibiotic resistance
P05789,24,1,0,23,0.843,1,Escherichia coli,ereB,antibiotic resistance
P54427,12,1,0,11,0.843,1,Bacillus subtilis (strain 168),ybxI,antibiotic resistance
P51563,26,1,1,24,0.842,26,Vibrio anguillarum,tetA,antibiotic resistance
A0RP01,45,1,1,43,0.842,12,Campylobacter fetus subsp. fetus (strain 82-40),macB,antibiotic resistance
P05058,20,1,0,19,0.842,1,Bacillus sp,knt,antibiotic resistance
P67394,16,2,0,14,0.841,7,Streptococcus pyogenes serotype M18 (strain MGAS8232),uppP,antibiotic resistance
Q07UC1,18,1,1,16,0.841,3,Rhodopseudomonas palustris (strain BisA53),uppP,antibiotic resistance
O06967,45,1,1,43,0.841,23,Bacillus subtilis (strain 168),bmrA,antibiotic resistance
B2RI95,19,2,0,17,0.84,2,Porphyromonas gingivalis (strain ATCC 33277 / DSM 20709 / CIP 103683 / JCM 12257 / NCTC 11834 / 2561),uppP,antibiotic resistance
Q2YRG7,56,2,0,54,0.84,21,Brucella abortus (strain 2308),macB,antibiotic resistance
A7ZP74,22,1,0,21,0.839,1,Escherichia coli O139:H28 (strain E24377A / ETEC),arnD,antibiotic resistance
Q08325,21,1,1,19,0.839,1,Micromonospora olivasterospora,fmrO,antibiotic resistance
Q7NWQ2,24,1,2,21,0.839,24,Chromobacterium violaceum (strain ATCC 12472 / DSM 30191 / JCM 1249 / CCUG 213 / NBRC 12614 / NCIMB 9131 / NCTC 9757 / MK),uppP2,antibiotic resistance
P0AEY8,20,3,1,16,0.839,12,Escherichia coli (strain K12),mdfA,antibiotic resistance
P69367,30,1,1,28,0.839,29,Escherichia coli (strain K12),mdtH,antibiotic resistance
P9WJX8,19,2,1,16,0.839,19,Mycobacterium tuberculosis (strain CDC 1551 / Oshkosh),tap,antibiotic resistance
A1ADA6,22,2,1,19,0.839,13,Escherichia coli O1:K1 / APEC,arnC,antibiotic resistance
P54948,20,1,0,19,0.839,1,Bacillus subtilis (strain 168),yxeI,antibiotic resistance
Q9CM47,60,1,1,58,0.838,15,Pasteurella multocida (strain Pm70),macB,antibiotic resistance
A8APU0,18,1,0,17,0.838,15,Citrobacter koseri (strain ATCC BAA-895 / CDC 4225-83 / SGSC4696),uppP,antibiotic resistance
Q2SUY6,18,1,2,15,0.838,14,Burkholderia thailandensis (strain ATCC 700388 / DSM 13276 / CCUG 48851 / CIP 106301 / E264),uppP2,antibiotic resistance
Q0T2M8,39,1,0,38,0.837,10,Shigella flexneri serotype 5b (strain 8401),arnA,antibiotic resistance
Q5WNX2,13,1,0,12,0.837,7,Enterococcus faecalis,uppP,antibiotic resistance
P52700,17,1,0,16,0.837,2,Stenotrophomonas maltophilia,Metallo-beta-la,antibiotic resistance
P29753,19,1,1,17,0.837,4,Enterococcus gallinarum,vanC1,antibiotic resistance
Q67LG6,14,1,0,13,0.837,5,Symbiobacterium thermophilum (strain DSM 24528 / JCM 14929 / IAM 14863 / T),uppP,antibiotic resistance
A1BCE9,50,1,1,48,0.837,50,Paracoccus denitrificans (strain Pd 1222),macB3,antibiotic resistance
P31668,14,1,1,12,0.836,2,Alcaligenes faecalis,pat,antibiotic resistance
P52477,21,1,0,20,0.836,2,Pseudomonas aeruginosa (strain ATCC 15692 / DSM 22644 / CIP 104116 / JCM 14847 / LMG 12228 / 1C / PRS 101 / PAO1),mexA,antibiotic resistance
Q9FBG4,17,1,0,16,0.836,1,Mammaliicoccus sciuri,cfr,antibiotic resistance
A0KGY8,28,1,2,25,0.836,10,Aeromonas hydrophila subsp. hydrophila (strain ATCC 7966 / DSM 30187 / BCRC 13018 / CCUG 14551 / JCM 1027 / KCTC 2358 / NCIMB 9240 / NCTC 8049),arnB,antibiotic resistance
Q8FTC9,18,1,0,17,0.836,11,Corynebacterium efficiens (strain DSM 44549 / YS-314 / AJ 12310 / JCM 11189 / NBRC 100395),uppP,antibiotic resistance
P9WKZ0,20,1,0,19,0.835,20,Mycobacterium tuberculosis (strain CDC 1551 / Oshkosh),Alpha-ketogluta,antibiotic resistance
P62580,15,1,0,14,0.835,1,Salmonella typhi,cat,antibiotic resistance
Q6F813,47,1,0,46,0.835,2,Acinetobacter baylyi (strain ATCC 33305 / BD413 / ADP1),macB,antibiotic resistance
Q99SZ7,28,1,0,27,0.833,27,Staphylococcus aureus (strain N315),vraS,antibiotic resistance
B9L7I2,15,2,0,13,0.832,1,Nautilia profundicola (strain ATCC BAA-1463 / DSM 18972 / AmH),uppP,antibiotic resistance
Q30UH8,18,1,0,17,0.832,15,Sulfurimonas denitrificans (strain ATCC 33889 / DSM 1251),uppP,antibiotic resistance
A5EW93,15,2,0,13,0.832,12,Dichelobacter nodosus (strain VCS1703A),uppP,antibiotic resistance
Q0TJ09,26,2,1,23,0.832,26,Escherichia coli O6:K15:H31 (strain 536 / UPEC),mdtH,antibiotic resistance
P43458,19,1,0,18,0.831,1,Streptomyces lavendulae,Uncharacterized,antibiotic resistance
A2RNZ5,22,1,0,21,0.831,1,Lactococcus lactis subsp. cremoris (strain MG1363),uppP,antibiotic resistance
P0A215,4,1,0,3,0.83,1,Salmonella typhi,marB,antibiotic resistance
Q2G2I1,35,1,0,34,0.829,1,Staphylococcus aureus (strain NCTC 8325 / PS 47),tcaA,antibiotic resistance
P0A475,13,1,0,12,0.829,2,Streptococcus pneumoniae serotype 4 (strain ATCC BAA-334 / TIGR4),rplP,antibiotic resistance
Q8NX16,21,2,0,19,0.829,2,Staphylococcus aureus (strain MW2),rlmN,antibiotic resistance
Q9K0Z3,21,1,0,20,0.829,21,Neisseria meningitidis serogroup B (strain ATCC BAA-335 / MC58),uppP,antibiotic resistance
B2FHB6,16,1,0,15,0.829,4,Stenotrophomonas maltophilia (strain K279a),uppP,antibiotic resistance
A9R094,27,1,1,25,0.829,9,Yersinia pestis bv. Antiqua (strain Angola),arnC,antibiotic resistance
Q03AR6,19,1,2,16,0.828,1,Lacticaseibacillus paracasei (strain ATCC 334 / BCRC 17002 / CCUG 31169 / CIP 107868 / KCTC 3260 / NRRL B-441),uppP,antibiotic resistance
B7M940,24,1,1,22,0.828,23,Escherichia coli O8 (strain IAI1),mdtH,antibiotic resistance
B5RCC3,23,1,0,22,0.828,21,Salmonella gallinarum (strain 287/91 / NCTC 13346),arnC,antibiotic resistance
Q8FFM2,21,2,0,19,0.827,20,Escherichia coli O6:H1 (strain CFT073 / ATCC 700928 / UPEC),arnC,antibiotic resistance
Q6GBH0,34,1,0,33,0.827,3,Staphylococcus aureus (strain MSSA476),graS,antibiotic resistance
Q7U482,21,1,0,20,0.827,8,Parasynechococcus marenigrum (strain WH8102),uppP,antibiotic resistance
B2K5L3,46,1,0,45,0.826,1,Yersinia pseudotuberculosis serotype IB (strain PB1/+),arnA,antibiotic resistance
A7FY32,55,1,0,54,0.826,49,Clostridium botulinum (strain ATCC 19397 / Type A),pbpA,antibiotic resistance
A2C1W8,15,1,1,13,0.826,6,Prochlorococcus marinus (strain NATL1A),uppP,antibiotic resistance
A4WAM2,19,1,0,18,0.826,9,Enterobacter sp. (strain 638),arnD,antibiotic resistance
B7N5M1,23,1,0,22,0.825,1,Escherichia coli O17:K52:H18 (strain UMN026 / ExPEC),arnD,antibiotic resistance
B1JM21,15,1,1,13,0.825,15,Yersinia pseudotuberculosis serotype O:3 (strain YPIII),uppP,antibiotic resistance
Q2SL19,18,1,1,16,0.825,5,Hahella chejuensis (strain KCTC 2396),uppP,antibiotic resistance
Q99VW2,15,1,0,14,0.825,3,Staphylococcus aureus (strain N315),graR,antibiotic resistance
P9WFV2,69,1,0,68,0.825,2,Mycobacterium tuberculosis (strain CDC 1551 / Oshkosh),ileS,antibiotic resistance
A0B212,60,1,1,58,0.824,31,Burkholderia cenocepacia (strain HI2424),macB,antibiotic resistance
P9WFU6,91,1,1,89,0.824,55,Mycobacterium tuberculosis (strain CDC 1551 / Oshkosh),lysX,antibiotic resistance
B2VGJ3,16,1,0,15,0.823,15,Erwinia tasmaniensis (strain DSM 17950 / CFBP 7177 / CIP 109463 / NCPPB 4357 / Et1/99),uppP,antibiotic resistance
Q665U8,19,1,0,18,0.823,19,Yersinia pseudotuberculosis serotype I (strain IP32953),uppP,antibiotic resistance
A0A0X1KHF9,63,1,1,61,0.823,1,Listeria monocytogenes serotype 4b (strain F2365),rph,antibiotic resistance
Q9KCP8,22,1,1,20,0.823,20,Halalkalibacterium halodurans (strain ATCC BAA-125 / DSM 18197 / FERM 7344 / JCM 9153 / C-125),uppP2,antibiotic resistance
B8DUF9,24,1,0,23,0.822,16,Bifidobacterium animalis subsp. lactis (strain AD011),uppP,antibiotic resistance
Q2NWE3,20,1,0,19,0.822,7,Sodalis glossinidius (strain morsitans),uppP,antibiotic resistance
A9KNK1,18,1,0,17,0.821,18,Lachnoclostridium phytofermentans (strain ATCC 700394 / DSM 18823 / ISDg),uppP,antibiotic resistance
A3QBM7,25,1,1,23,0.821,8,Shewanella loihica (strain ATCC BAA-1088 / PV-4),uppP,antibiotic resistance
Q8DEG8,17,1,0,16,0.821,8,Vibrio vulnificus (strain CMCP6),uppP,antibiotic resistance
Q6HND2,23,2,0,21,0.82,7,Bacillus thuringiensis subsp. konkukian (strain 97-27),uppP2,antibiotic resistance
Q8A2U3,14,1,1,12,0.82,14,Bacteroides thetaiotaomicron (strain ATCC 29148 / DSM 2079 / JCM 5827 / CCUG 10774 / NCTC 10582 / VPI-5482 / E50),uppP,antibiotic resistance
Q3KCC2,27,1,1,25,0.82,23,Pseudomonas fluorescens (strain Pf0-1),arnC,antibiotic resistance
Q2FH03,26,1,0,25,0.82,12,Staphylococcus aureus (strain USA300),norB,antibiotic resistance
P9WJX6,29,1,1,27,0.818,28,Mycobacterium tuberculosis (strain CDC 1551 / Oshkosh),Chloramphenicol,antibiotic resistance
P72533,53,1,1,51,0.818,29,Streptococcus pneumoniae,tetO,antibiotic resistance
Q7WTR3,50,1,1,48,0.818,9,Erwinia amylovora,mdtK,antibiotic resistance
Q02R23,25,1,0,24,0.817,1,Pseudomonas aeruginosa (strain UCBPP-PA14),arnB,antibiotic resistance
Q2FEE1,38,1,0,37,0.817,10,Staphylococcus aureus (strain USA300),tcaA,antibiotic resistance
Q9KJC4,17,1,0,16,0.817,1,Pseudomonas putida,arpR,other resistance
Q43899,9,1,0,8,0.816,2,Acinetobacter baumannii,Aminoglycoside,antibiotic resistance
A1KVM7,18,1,0,17,0.816,6,Neisseria meningitidis serogroup C / serotype 2a (strain ATCC 700532 / DSM 15464 / FAM18),uppP,antibiotic resistance
Q9JN36,8,2,0,6,0.816,3,Enterococcus gallinarum,vanXYC,antibiotic resistance
O54297,14,2,0,12,0.815,9,Salmonella typhimurium (strain LT2 / SGSC1412 / ATCC 700720),rpsD,antibiotic resistance
P22782,18,1,0,17,0.815,1,Campylobacter coli,Chloramphenicol,antibiotic resistance
A9R4E0,25,1,1,23,0.815,8,Yersinia pestis bv. Antiqua (strain Angola),mdfA,antibiotic resistance
P9WI73,51,1,0,50,0.814,30,Mycobacterium tuberculosis (strain ATCC 25618 / H37Rv),pknG,antibiotic resistance
Q9ZJ31,18,1,0,17,0.814,15,Helicobacter pylori (strain J99 / ATCC 700824),lpxF,antibiotic resistance
P12921,12,1,2,9,0.814,1,Bacillus subtilis (strain 168),tmrB,antibiotic resistance
Q1CIH6,25,1,1,23,0.813,15,Yersinia pestis bv. Antiqua (strain Nepal516),arnC,antibiotic resistance
B2VBI8,20,1,0,19,0.813,1,Erwinia tasmaniensis (strain DSM 17950 / CFBP 7177 / CIP 109463 / NCPPB 4357 / Et1/99),arnD,antibiotic resistance
A5IQN7,22,2,0,20,0.812,1,Staphylococcus aureus (strain JH9),uppP,antibiotic resistance
Q44245,13,1,0,12,0.811,10,Acinetobacter genomosp. 13,Aminoglycoside,antibiotic resistance
Q7N6F9,54,1,0,53,0.811,1,Photorhabdus laumondii subsp. laumondii (strain DSM 15139 / CIP 105565 / TT01),macB,antibiotic resistance
C6DDL8,17,1,0,16,0.811,17,Pectobacterium carotovorum subsp. carotovorum (strain PC1),uppP,antibiotic resistance
Q1GY95,17,1,0,16,0.811,6,Methylobacillus flagellatus (strain ATCC 51484 / DSM 6875 / VKM B-1610 / KT),uppP,antibiotic resistance
Q51238,52,1,1,50,0.81,1,Neisseria meningitidis,tetM,antibiotic resistance
P02980,27,1,1,25,0.81,1,Escherichia coli,tetA,antibiotic resistance
Q8KY50,29,1,1,27,0.81,29,Streptococcus pneumoniae,stkP,beta-lactamase
P67390,21,1,2,18,0.809,1,Staphylococcus aureus (strain Mu50 / ATCC 700699),uppP,antibiotic resistance
B7GR11,22,2,0,20,0.809,2,Bifidobacterium longum subsp. infantis (strain ATCC 15697 / DSM 20088 / JCM 1222 / NCTC 11817 / S12),uppP,antibiotic resistance
P24177,71,1,3,67,0.809,39,Escherichia coli (strain K12),acrD,efflux pump
P00487,17,2,0,15,0.809,2,Bacillus pumilus,cat86,antibiotic resistance
B7M5T5,24,1,0,23,0.808,1,Escherichia coli O8 (strain IAI1),arnB,antibiotic resistance
Q6D8T5,58,2,0,56,0.808,1,Pectobacterium atrosepticum (strain SCRI 1043 / ATCC BAA-672),macB,antibiotic resistance
Q1BYF5,15,2,1,12,0.807,3,Burkholderia orbicola (strain AU 1054),uppP1,antibiotic resistance
A7HS58,16,1,0,15,0.806,6,Parvibaculum lavamentivorans (strain DS-1 / DSM 13023 / NCIMB 13966),uppP,antibiotic resistance
Q6HLG8,18,1,1,16,0.806,4,Bacillus thuringiensis subsp. konkukian (strain 97-27),uppP3,antibiotic resistance
Q1R9F9,24,1,0,23,0.806,10,Escherichia coli (strain UTI89 / UPEC),arnD,antibiotic resistance
P0A0B1,50,2,0,48,0.805,41,Staphylococcus aureus,mecR1,antibiotic resistance
Q9JSY6,21,1,0,20,0.805,3,Neisseria meningitidis serogroup A / serotype 4A (strain DSM 15465 / Z2491),uppP,antibiotic resistance
P07944,31,1,1,29,0.804,2,Staphylococcus aureus,pbp,antibiotic resistance
A2BQX7,18,1,0,17,0.804,17,Prochlorococcus marinus (strain AS9601),uppP,antibiotic resistance
A7ZKH0,28,1,1,26,0.804,28,Escherichia coli O139:H28 (strain E24377A / ETEC),mdtH,antibiotic resistance
Q6D2F2,18,1,0,17,0.803,1,Pectobacterium atrosepticum (strain SCRI 1043 / ATCC BAA-672),arnD,antibiotic resistance
A0L9F4,18,1,0,17,0.802,17,Magnetococcus marinus (strain ATCC BAA-1437 / JCM 17883 / MC-1),uppP,antibiotic resistance
C1D4X7,17,2,0,15,0.802,13,Laribacter hongkongensis (strain HLHK9),uppP,antibiotic resistance
Q184H7,13,1,1,11,0.802,8,Clostridioides difficile (strain 630),uppP2,antibiotic resistance
Q9HY65,27,1,0,26,0.802,1,Pseudomonas aeruginosa (strain ATCC 15692 / DSM 22644 / CIP 104116 / JCM 14847 / LMG 12228 / 1C / PRS 101 / PAO1),arnB,antibiotic resistance
P60938,17,1,2,14,0.801,2,Geobacter sulfurreducens (strain ATCC 51573 / DSM 12127 / PCA),uppP,antibiotic resistance
P26841,12,1,0,11,0.8,1,Pseudomonas aeruginosa (strain ATCC 15692 / DSM 22644 / CIP 104116 / JCM 14847 / LMG 12228 / 1C / PRS 101 / PAO1),cat,antibiotic resistance
Q2JXZ9,18,1,0,17,0.8,3,Synechococcus sp. (strain JA-3-3Ab),uppP,antibiotic resistance
Q7W866,23,1,0,22,0.799,1,Bordetella parapertussis (strain 12822 / ATCC BAA-587 / NCTC 13253),uppP,antibiotic resistance
Q02R24,26,1,0,25,0.799,22,Pseudomonas aeruginosa (strain UCBPP-PA14),arnC,antibiotic resistance
Q46306,23,1,0,22,0.799,1,Clostridium perfringens,tetP,antibiotic resistance
B7M928,34,1,2,31,0.798,10,Escherichia coli O8 (strain IAI1),mdtG,antibiotic resistance
P0A0A9,54,2,1,51,0.797,49,Staphylococcus aureus (strain Mu50 / ATCC 700699),mecR1,antibiotic resistance
B1MM06,14,1,0,13,0.797,5,Mycobacteroides abscessus (strain ATCC 19977 / DSM 44196 / CCUG 20993 / CIP 104536 / JCM 13569 / NCTC 13031 / TMC 1543 / L948),tetR,antibiotic resistance
O34309,67,1,2,64,0.797,1,Bacillus subtilis (strain 168),rph,antibiotic resistance
B9DK59,23,1,1,21,0.796,23,Staphylococcus carnosus (strain TM300),uppP,antibiotic resistance
Q3ATR5,48,1,2,45,0.796,36,Chlorobium chlorochromatii (strain CaD3),macB,antibiotic resistance
P52682,11,1,0,10,0.796,2,Serratia marcescens,SME-1,antibiotic resistance
P9WMQ5,31,1,1,29,0.796,1,Mycobacterium tuberculosis (strain ATCC 25618 / H37Rv),mfd,TB resistance
P9WFF8,21,1,1,19,0.796,1,Mycobacterium tuberculosis (strain CDC 1551 / Oshkosh),uppP,antibiotic resistance
Q9XAK7,30,1,2,27,0.795,1,Streptomyces coelicolor (strain ATCC BAA-471 / A3(2) / M145),SC66T3.06,antibiotic resistance
A6V1P2,22,1,1,20,0.795,1,Pseudomonas paraeruginosa (strain DSM 24068 / PA7),arnB,antibiotic resistance
P0A0B2,53,1,0,52,0.795,9,Staphylococcus epidermidis,mecR1,antibiotic resistance
Q7V1C3,15,2,1,12,0.795,5,Prochlorococcus marinus subsp. pastoris (strain CCMP1986 / NIES-2087 / MED4),uppP,antibiotic resistance
B7MTJ6,33,1,2,30,0.795,16,Escherichia coli O81 (strain ED1a),mdtH,antibiotic resistance
P00557,22,1,1,20,0.794,19,Escherichia coli,hph,antibiotic resistance
P13978,19,1,0,18,0.794,1,Staphylococcus aureus,ermC,antibiotic resistance
Q9F5K5,20,1,0,19,0.794,1,Streptomyces viridochromogenes,aviRa,antibiotic resistance
P75831,55,2,2,51,0.794,10,Escherichia coli (strain K12),macB,antibiotic resistance
A4VXK6,15,1,0,14,0.793,15,Streptococcus suis (strain 05ZYH33),uppP,antibiotic resistance
P14488,16,1,0,15,0.791,3,Bacillus cereus,Metallo-beta-la,antibiotic resistance
B7VBN4,24,1,0,23,0.791,1,Pseudomonas aeruginosa (strain LESB58),arnB,antibiotic resistance
B2HR11,85,1,1,83,0.79,43,Mycobacterium marinum (strain ATCC BAA-535 / M),lysX,antibiotic resistance
Q9RLT9,99,1,1,97,0.79,84,Listeria monocytogenes serovar 1/2a (strain ATCC BAA-679 / EGD-e),rpoB,antibiotic resistance
A1U6U1,22,1,0,21,0.79,21,Marinobacter nauticus (strain ATCC 700491 / DSM 11845 / VT8),uppP,antibiotic resistance
A0RBJ8,20,1,0,19,0.79,7,Bacillus thuringiensis (strain Al Hakam),uppP3,antibiotic resistance
B5XTK7,25,1,0,24,0.789,2,Klebsiella variicola (strain 342),arnB,antibiotic resistance
Q32DT4,23,2,0,21,0.788,23,Shigella dysenteriae serotype 1 (strain Sd197),arnC,antibiotic resistance
Q54387,29,1,0,28,0.788,2,Streptomyces lividans,mgt,antibiotic resistance
B7MG23,24,1,0,23,0.788,5,Escherichia coli O45:K1 (strain S88 / ExPEC),arnD,antibiotic resistance
P0A0Z5,62,1,1,60,0.788,14,Neisseria meningitidis serogroup A / serotype 4A (strain DSM 15465 / Z2491),mrcA,antibiotic resistance
P9WGT3,17,1,0,16,0.787,11,,,
P0A5Y5,17,1,0,16,0.787,11,,,
Q48HZ2,24,1,1,22,0.787,14,Pseudomonas savastanoi pv. phaseolicola (strain 1448A / Race 6),arnC,antibiotic resistance
P00956,52,1,1,50,0.786,40,Escherichia coli (strain K12),ileS,antibiotic resistance
A1A1M3,19,2,0,17,0.786,7,Bifidobacterium adolescentis (strain ATCC 15703 / DSM 20083 / NCTC 11814 / E194a),uppP,antibiotic resistance
Q04515,10,1,0,9,0.786,1,Escherichia coli,dfrA10,antibiotic resistance
Q06241,12,1,0,11,0.786,1,Enterococcus faecium,vanX,antibiotic resistance
Q2IXX0,45,1,2,42,0.785,12,Rhodopseudomonas palustris (strain HaA2),macB,antibiotic resistance
Q9PIS4,23,2,0,21,0.785,15,Campylobacter jejuni subsp. jejuni serotype O:2 (strain ATCC 700819 / NCTC 11168),uppP,antibiotic resistance
P09757,53,1,1,51,0.785,38,Ureaplasma urealyticum,tetM,antibiotic resistance
Q0SIC2,18,1,1,16,0.785,12,Rhodococcus jostii (strain RHA1),uppP,antibiotic resistance
P9WQL8,24,1,0,23,0.784,7,Mycobacterium tuberculosis (strain CDC 1551 / Oshkosh),drrA,antibiotic resistance
P42334,15,1,2,12,0.784,2,Bacillus licheniformis,bcrC,antibiotic resistance
B7LAR9,24,1,1,22,0.784,23,Escherichia coli (strain 55989 / EAEC),arnC,antibiotic resistance
B4SDS7,22,1,0,21,0.783,4,Pelodictyon phaeoclathratiforme (strain DSM 5477 / BU-1),uppP,antibiotic resistance
Q6A5N5,14,1,1,12,0.783,1,Cutibacterium acnes (strain DSM 16379 / KPA171202),uppP,antibiotic resistance
A1VLZ3,18,1,1,16,0.782,12,Polaromonas naphthalenivorans (strain CJ2),uppP,antibiotic resistance
Q1I9H0,16,1,0,15,0.782,1,Pseudomonas entomophila (strain L48),uppP,antibiotic resistance
Q4FR05,20,1,2,17,0.782,19,Psychrobacter arcticus (strain DSM 17307 / VKM B-2377 / 273-4),uppP,antibiotic resistance
P52392,17,1,0,16,0.782,17,Streptomyces actuosus,Putative,antibiotic resistance
Q92SP2,19,2,0,17,0.781,5,Rhizobium meliloti (strain 1021),uppP,antibiotic resistance
Q7MNZ4,20,1,0,19,0.781,6,Vibrio vulnificus (strain YJ016),uppP,antibiotic resistance
C7F8K7,19,1,1,17,0.78,1,Acinetobacter baumannii,adeT2,antibiotic resistance
Q01WE6,14,1,0,13,0.78,8,Solibacter usitatus (strain Ellin6076),uppP,antibiotic resistance
P69368,28,1,2,25,0.78,19,Escherichia coli O6:H1 (strain CFT073 / ATCC 700928 / UPEC),mdtH,antibiotic resistance
Q2J2D8,19,1,0,18,0.78,4,Rhodopseudomonas palustris (strain HaA2),uppP,antibiotic resistance
Q98DM7,19,1,2,16,0.78,1,Mesorhizobium japonicum (strain LMG 29417 / CECT 9101 / MAFF 303099),uppP1,antibiotic resistance
Q5HWW4,24,1,2,21,0.779,10,Campylobacter jejuni (strain RM1221),uppP,antibiotic resistance
C4ZS05,26,1,1,24,0.779,21,Escherichia coli (strain K12 / MC4100 / BW2952),mdtH,antibiotic resistance
C0H3X7,73,2,2,69,0.779,73,Bacillus subtilis (strain 168),mprF,antibiotic resistance
B7VIW0,16,1,1,14,0.779,12,Vibrio atlanticus (strain LGP32),uppP,antibiotic resistance
Q83IQ8,60,2,1,57,0.779,59,Shigella flexneri,mdtO,antibiotic resistance
D0CCT2,26,1,1,24,0.779,17,Acinetobacter baumannii (strain ATCC 19606 / DSM 30007 / JCM 6841 / CCUG 19606 / CIP 70.34 / NBRC 109757 / NCIMB 12457 / NCTC 12156 / 81),craA,antibiotic resistance
P33941,44,2,0,42,0.779,3,Escherichia coli (strain K12),yojI,antibiotic resistance
A1WK80,18,1,1,16,0.779,1,Verminephrobacter eiseniae (strain EF01-2),uppP,antibiotic resistance
B4ETL8,17,1,0,16,0.777,1,Proteus mirabilis (strain HI4320),arnD,antibiotic resistance
B7LFG4,31,1,0,30,0.776,12,Escherichia coli (strain 55989 / EAEC),mdtG,antibiotic resistance
Q2Y6P3,17,1,0,16,0.776,14,Nitrosospira multiformis (strain ATCC 25196 / NCIMB 11849 / C 71),uppP,antibiotic resistance
P77308,26,1,2,23,0.775,1,Escherichia coli (strain K12),ddpB,glycopeptide resistance
A6QA78,19,1,2,16,0.775,3,Sulfurovum sp. (strain NBC37-1),uppP,antibiotic resistance
B7LFZ9,24,1,0,23,0.775,23,Escherichia coli (strain 55989 / EAEC),mdtH,antibiotic resistance
A4XM19,21,1,1,19,0.775,18,Caldicellulosiruptor saccharolyticus (strain ATCC 43494 / DSM 8903 / Tp8T 6331),uppP,antibiotic resistance
Q1GB63,14,1,0,13,0.774,13,Lactobacillus delbrueckii subsp. bulgaricus (strain ATCC 11842 / DSM 20081 / BCRC 10696 / JCM 1002 / NBRC 13953 / NCIMB 11778 / NCTC 12712 / WDCM 00102 / Lb 14),uppP,antibiotic resistance
B4SYX1,40,1,1,38,0.774,2,Salmonella newport (strain SL254),arnA,antibiotic resistance
P76242,22,1,2,19,0.774,6,Escherichia coli (strain K12),nimT,antibiotic resistance
Q63RM9,24,1,0,23,0.773,24,Burkholderia pseudomallei (strain K96243),uppP2,antibiotic resistance
P13661,14,1,0,13,0.773,2,Escherichia coli,OXA-1,antibiotic resistance
B4ULG0,21,1,2,18,0.773,5,Anaeromyxobacter sp. (strain K),uppP,antibiotic resistance
A0A5R8T042,15,1,0,14,0.773,1,Escherichia coli O25b:H4,bla,antibiotic resistance
P07287,25,1,0,24,0.773,1,Saccharopolyspora erythraea (strain ATCC 11635 / DSM 40517 / JCM 4748 / NBRC 13426 / NCIMB 8594 / NRRL 2338),ermE,antibiotic resistance
Q7VEQ2,20,1,1,18,0.773,1,Mycobacterium bovis (strain ATCC BAA-935 / AF2122/97),uppP,antibiotic resistance
B0VEM6,17,1,1,15,0.772,12,Acinetobacter baumannii (strain AYE),uppP,antibiotic resistance
Q2G3F4,16,1,1,14,0.772,2,Novosphingobium aromaticivorans (strain ATCC 700278 / DSM 12444 / CCUG 56034 / CIP 105152 / NBRC 16084 / F199),uppP,antibiotic resistance
A7GH77,22,1,0,21,0.772,1,Clostridium botulinum (strain Langeland / NCTC 10281 / Type F),cfr,antibiotic resistance
B0K0H2,17,1,2,14,0.772,1,Thermoanaerobacter sp. (strain X514),uppP,antibiotic resistance
B2K2I0,20,1,0,19,0.771,20,Yersinia pseudotuberculosis serotype IB (strain PB1/+),uppP,antibiotic resistance
Q7NUJ3,52,1,0,51,0.771,1,Chromobacterium violaceum (strain ATCC 12472 / DSM 30191 / JCM 1249 / CCUG 213 / NBRC 12614 / NCIMB 9131 / NCTC 9757 / MK),macB,antibiotic resistance
Q1CMD9,20,1,1,18,0.771,13,Yersinia pestis bv. Antiqua (strain Nepal516),uppP,antibiotic resistance
B0C1T8,16,2,1,13,0.771,1,Acaryochloris marina (strain MBIC 11017),uppP,antibiotic resistance
Q5FUS6,21,1,1,19,0.77,7,Gluconobacter oxydans (strain 621H),uppP,antibiotic resistance
A5W499,18,1,0,17,0.77,2,Pseudomonas putida (strain ATCC 700007 / DSM 6899 / JCM 31910 / BCRC 17059 / LMG 24140 / F1),uppP,antibiotic resistance
Q4JXD8,20,1,1,18,0.77,20,Corynebacterium jeikeium (strain K411),uppP1,antibiotic resistance
Q5N052,19,1,0,18,0.77,9,Synechococcus sp. (strain ATCC 27144 / PCC 6301 / SAUG 1402/1),uppP,antibiotic resistance
Q3IHV1,16,1,0,15,0.77,7,Pseudoalteromonas translucida (strain TAC 125),uppP1,antibiotic resistance
P9WNL9,79,1,0,78,0.77,16,Mycobacterium tuberculosis (strain ATCC 25618 / H37Rv),embA,antibiotic resistance
O34640,23,1,0,22,0.769,5,Bacillus subtilis (strain 168),amiN,antibiotic resistance
Q880L3,27,1,0,26,0.769,2,Pseudomonas syringae pv. tomato (strain ATCC BAA-871 / DC3000),uppP,antibiotic resistance
O53044,22,1,0,21,0.768,1,Klebsiella pneumoniae,blaCMY-4,antibiotic resistance
Q9FC36,20,2,0,18,0.767,3,Streptomyces coelicolor (strain ATCC BAA-471 / A3(2) / M145),uppP1,antibiotic resistance
B1IL14,23,1,0,22,0.767,2,Clostridium botulinum (strain Okra / Type B1),cfr,antibiotic resistance
Q49VC5,27,1,1,25,0.767,26,Staphylococcus saprophyticus subsp. saprophyticus (strain ATCC 15305 / DSM 20229 / NCIMB 8711 / NCTC 7292 / S-41),mepA,antibiotic resistance
A0QZ11,12,1,0,11,0.766,10,Mycolicibacterium smegmatis (strain ATCC 700084 / mc(2)155),rbpA,antibiotic resistance
Q4KC83,30,1,2,27,0.766,25,Pseudomonas fluorescens (strain ATCC BAA-477 / NRRL B-23932 / Pf-5),arnC,antibiotic resistance
B6I7J6,28,1,0,27,0.766,1,Escherichia coli (strain SE11),arnB,antibiotic resistance
A1K3C4,21,1,1,19,0.766,19,Azoarcus sp. (strain BH72),uppP,antibiotic resistance
P9WJI5,16,1,0,15,0.765,13,Mycobacterium tuberculosis (strain ATCC 25618 / H37Rv),nat,antibiotic resistance
B5YVT5,27,1,1,25,0.765,27,Escherichia coli O157:H7 (strain EC4115 / EHEC),mdtH,antibiotic resistance
A8A2C3,27,2,0,25,0.764,17,Escherichia coli O9:H4 (strain HS),arnD,antibiotic resistance
P0DXB3,9,1,0,8,0.764,3,Acinetobacter baumannii,aciT,antibiotic resistance
Q8CSW0,24,1,0,23,0.763,1,Staphylococcus epidermidis (strain ATCC 12228 / FDA PCI 1200),rlmN,antibiotic resistance
Q127N8,16,1,1,14,0.763,12,Polaromonas sp. (strain JS666 / ATCC BAA-500),uppP,antibiotic resistance
A0Q210,19,1,0,18,0.763,8,Clostridium novyi (strain NT),uppP,antibiotic resistance
Q5WH44,22,2,1,19,0.762,5,Shouchella clausii (strain KSM-K16),uppP1,antibiotic resistance
Q3A6V2,17,1,0,16,0.762,16,Syntrophotalea carbinolica (strain DSM 2380 / NBRC 103641 / GraBd1),uppP,antibiotic resistance
B6I7J9,29,1,0,28,0.762,5,Escherichia coli (strain SE11),arnD,antibiotic resistance
Q99S97,29,1,0,28,0.762,17,Staphylococcus aureus (strain N315),sdrM,antibiotic resistance
A8AYY7,18,1,0,17,0.762,1,Streptococcus gordonii (strain Challis / ATCC 35105 / BCRC 15272 / CH1 / DL1 / V288),uppP,antibiotic resistance
Q9ZMS0,15,1,0,14,0.762,1,Helicobacter pylori (strain J99 / ATCC 700824),hcpD,antibiotic resistance
Q31YK3,26,1,1,24,0.761,26,Shigella boydii serotype 4 (strain Sb227),arnC,antibiotic resistance
B1X8W7,24,1,0,23,0.761,23,Escherichia coli (strain K12 / DH10B),arnC,antibiotic resistance
O24866,12,1,0,11,0.761,3,Helicobacter pylori (strain ATCC 700392 / 26695),lpxE,antibiotic resistance
B7NL69,26,2,1,23,0.761,23,Escherichia coli O7:K1 (strain IAI39 / ExPEC),mdtH,antibiotic resistance
Q1QZ92,15,1,1,13,0.761,10,Chromohalobacter israelensis (strain ATCC BAA-138 / DSM 3043 / CIP 106854 / NCIMB 13768 / 1H11),uppP,antibiotic resistance
B5RCC5,17,1,1,15,0.761,9,Salmonella gallinarum (strain 287/91 / NCTC 13346),arnD,antibiotic resistance
P76472,27,1,0,26,0.761,13,Escherichia coli (strain K12),arnD,antibiotic resistance
B1I9P6,18,1,0,17,0.76,18,Streptococcus pneumoniae (strain Hungary19A-6),uppP,antibiotic resistance
B5YX44,28,1,0,27,0.76,1,Escherichia coli O157:H7 (strain EC4115 / EHEC),arnB,antibiotic resistance
A7ZFX1,16,3,0,13,0.76,1,Campylobacter concisus (strain 13826),uppP,antibiotic resistance
A5GQQ0,17,1,0,16,0.76,17,Synechococcus sp. (strain RCC307),uppP,antibiotic resistance
Q1R9G2,27,1,0,26,0.76,1,Escherichia coli (strain UTI89 / UPEC),arnB,antibiotic resistance
C5CTM8,18,1,1,16,0.76,4,Variovorax paradoxus (strain S110),uppP,antibiotic resistance
Q4KC81,17,1,0,16,0.759,13,Pseudomonas fluorescens (strain ATCC BAA-477 / NRRL B-23932 / Pf-5),arnD,antibiotic resistance
A3MMT3,18,1,0,17,0.758,14,Burkholderia mallei (strain NCTC 10247),uppP,antibiotic resistance
Q2NRV5,25,1,0,24,0.758,1,Sodalis glossinidius (strain morsitans),arnB,antibiotic resistance
A9R092,17,1,0,16,0.758,2,Yersinia pestis bv. Antiqua (strain Angola),arnD,antibiotic resistance
Q1RDA5,32,1,0,31,0.758,2,Escherichia coli (strain UTI89 / UPEC),mdtG,antibiotic resistance
P74268,16,1,0,15,0.758,3,Synechocystis sp. (strain ATCC 27184 / PCC 6803 / Kazusa),ddpX,glycopeptide resistance
P60937,15,1,1,13,0.757,15,Corynebacterium diphtheriae (strain ATCC 700971 / NCTC 13129 / Biotype gravis),uppP,antibiotic resistance
I6XD65,9,1,0,8,0.757,1,Mycobacterium tuberculosis (strain ATCC 25618 / H37Rv),pncA,antibiotic resistance
P0A4A4,11,1,0,10,0.756,1,Streptomyces avermitilis (strain ATCC 31267 / DSM 46492 / JCM 5070 / NBRC 14893 / NCIMB 12804 / NRRL 8165 / MA-4680),rpsL,antibiotic resistance
P0A7V8,13,1,1,11,0.756,3,Escherichia coli (strain K12),rpsD,antibiotic resistance
A8C927,16,1,0,15,0.756,1,Escherichia coli,npmA,antibiotic resistance
P9WNL8,81,1,0,80,0.756,20,Mycobacterium tuberculosis (strain CDC 1551 / Oshkosh),embA,antibiotic resistance
Q2YYX9,34,1,0,33,0.756,2,Staphylococcus aureus (strain bovine RF122 / ET3-1),tcaA,antibiotic resistance
Q1RE44,58,1,1,56,0.756,2,Escherichia coli (strain UTI89 / UPEC),macB,antibiotic resistance
Q8FFM0,22,1,0,21,0.755,1,Escherichia coli O6:H1 (strain CFT073 / ATCC 700928 / UPEC),arnD,antibiotic resistance
P52002,29,1,1,27,0.755,6,Pseudomonas aeruginosa (strain ATCC 15692 / DSM 22644 / CIP 104116 / JCM 14847 / LMG 12228 / 1C / PRS 101 / PAO1),mexB,antibiotic resistance
A6LJI3,22,1,0,21,0.755,7,Thermosipho melanesiensis (strain DSM 12029 / CIP 104789 / BI429),uppP,antibiotic resistance
A8A4L2,19,1,0,18,0.755,3,Escherichia coli O9:H4 (strain HS),uppP,antibiotic resistance
B1LLL0,27,1,0,26,0.755,9,Escherichia coli (strain SMS-3-5 / SECEC),arnD,antibiotic resistance
Q5HPX3,21,1,0,20,0.755,1,Staphylococcus epidermidis (strain ATCC 35984 / DSM 28319 / BCRC 17069 / CCUG 31568 / BM 3577 / RP62A),rlmN,antibiotic resistance
Q65LE3,17,1,2,14,0.755,11,Bacillus licheniformis (strain ATCC 14580 / DSM 13 / JCM 2505 / CCUG 7422 / NBRC 12200 / NCIMB 9375 / NCTC 10341 / NRRL NRS-1264 / Gibson 46),uppP1,antibiotic resistance
Q13V13,18,1,1,16,0.755,12,Paraburkholderia xenovorans (strain LB400),uppP1,antibiotic resistance
Q1RD92,26,1,2,23,0.755,26,Escherichia coli (strain UTI89 / UPEC),mdtH,antibiotic resistance
Q9HYD3,18,1,0,17,0.755,5,,,
Q6D159,18,1,0,17,0.755,10,Pectobacterium atrosepticum (strain SCRI 1043 / ATCC BAA-672),uppP,antibiotic resistance
Q8ZQE4,55,1,0,54,0.754,24,Salmonella typhimurium (strain LT2 / SGSC1412 / ATCC 700720),macB,antibiotic resistance
Q8Z7H3,39,1,1,37,0.754,7,Salmonella typhi,phoQ,colistin resistance
B3WCK5,13,2,1,10,0.754,1,Lacticaseibacillus casei (strain BL23),uppP,antibiotic resistance
P62466,17,1,1,15,0.753,17,Photobacterium profundum (strain SS9),uppP,antibiotic resistance
Q217L2,56,2,0,54,0.753,14,Rhodopseudomonas palustris (strain BisB18),macB,antibiotic resistance
B2K5L4,27,1,1,25,0.752,14,Yersinia pseudotuberculosis serotype IB (strain PB1/+),arnC,antibiotic resistance
P14506,20,1,1,18,0.752,1,Staphylococcus aureus,Transposase,other resistance
Q6D2E9,25,1,0,24,0.752,1,Pectobacterium atrosepticum (strain SCRI 1043 / ATCC BAA-672),arnB,antibiotic resistance
Q5ABU7,38,1,0,37,0.751,36,Candida albicans (strain SC5314 / ATCC MYA-2876),MDR1,antibiotic resistance
Q87AW7,48,1,0,47,0.751,3,Xylella fastidiosa (strain Temecula1 / ATCC 700964),mrcA,antibiotic resistance
A7HJT4,13,1,3,9,0.751,12,Fervidobacterium nodosum (strain ATCC 35602 / DSM 5306 / Rt17-B1),uppP,antibiotic resistance
B5BCP7,24,1,1,22,0.751,22,Salmonella paratyphi A (strain AKU_12601),arnC,antibiotic resistance
Q2IMA5,25,2,0,23,0.751,5,Anaeromyxobacter dehalogenans (strain 2CP-C),uppP,antibiotic resistance
A1JPP5,19,1,1,17,0.75,11,Yersinia enterocolitica serotype O:8 / biotype 1B (strain NCTC 13174 / 8081),arnC,antibiotic resistance
A8Z3Q4,21,1,0,20,0.75,2,Staphylococcus aureus (strain USA300 / TCH1516),rlmN,antibiotic resistance
B7N5L9,17,1,0,16,0.75,16,Escherichia coli O17:K52:H18 (strain UMN026 / ExPEC),arnC,antibiotic resistance
Q8D342,29,2,0,27,0.749,20,Wigglesworthia glossinidia brevipalpis,arnC,antibiotic resistance
P07684,26,1,0,25,0.749,1,Escherichia coli,ereA,antibiotic resistance
B6JCL3,20,1,1,18,0.748,7,Afipia carboxidovorans (strain ATCC 49405 / DSM 1227 / KCTC 32145 / OM5),uppP,antibiotic resistance
Q840P9,11,1,0,10,0.747,1,Pseudomonas aeruginosa,VIM-7,antibiotic resistance
B3PI58,23,1,2,20,0.747,3,Cellvibrio japonicus (strain Ueda107),uppP,antibiotic resistance
P95827,30,1,2,27,0.747,7,Streptococcus pyogenes,mefA,antibiotic resistance
B7UFR6,25,1,1,23,0.747,16,Escherichia coli O127:H6 (strain E2348/69 / EPEC),arnC,antibiotic resistance
Q9ZN40,12,1,0,11,0.747,3,Helicobacter pylori (strain J99 / ATCC 700824),lpxE,antibiotic resistance
B2TW39,23,1,1,21,0.747,5,Shigella boydii serotype 18 (strain CDC 3083-94 / BS512),arnD,antibiotic resistance
B4SYX2,17,1,1,15,0.747,2,Salmonella newport (strain SL254),arnD,antibiotic resistance
B3DRX3,19,1,0,18,0.746,2,Bifidobacterium longum (strain DJO10A),uppP,antibiotic resistance
Q18BJ5,18,1,0,17,0.746,11,Clostridioides difficile (strain 630),uppP1,antibiotic resistance
Q5E2K6,17,1,1,15,0.746,13,Aliivibrio fischeri (strain ATCC 700601 / ES114),uppP,antibiotic resistance
O52271,110,1,1,108,0.746,10,Rickettsia prowazekii (strain Madrid E),rpoB,antibiotic resistance
Q97LQ3,17,1,0,16,0.745,5,Clostridium acetobutylicum (strain ATCC 824 / DSM 792 / JCM 1419 / IAM 19013 / LMG 5710 / NBRC 13948 / NRRL B-527 / VKM B-1787 / 2291 / W),uppP1,antibiotic resistance
P21441,141,1,1,139,0.745,103,Leishmania tarentolae,PGPA,antibiotic resistance
A4IS40,10,1,0,9,0.744,1,Geobacillus thermodenitrificans (strain NG80-2),fosB,antibiotic resistance
Q8G6C4,18,1,0,17,0.744,5,Bifidobacterium longum (strain NCC 2705),uppP,antibiotic resistance
A5PJT0,16,1,0,15,0.744,2,Bos taurus,MBLAC2,carbapenemase
Q9KJC2,73,1,4,68,0.744,1,Pseudomonas putida,arpB,antibiotic resistance
A1R6P8,20,1,0,19,0.744,5,Paenarthrobacter aurescens (strain TC1),uppP,antibiotic resistance
A3NYA9,19,1,0,18,0.743,9,Burkholderia pseudomallei (strain 1106a),uppP2,antibiotic resistance
A7ZP71,21,2,0,19,0.743,4,Escherichia coli O139:H28 (strain E24377A / ETEC),arnB,antibiotic resistance
P62579,14,1,0,13,0.743,1,Acinetobacter baumannii,cat,antibiotic resistance
Q49157,15,1,1,13,0.742,1,Mycolicibacterium fortuitum,aac,antibiotic resistance
A4FFN9,15,1,0,14,0.742,5,Saccharopolyspora erythraea (strain ATCC 11635 / DSM 40517 / JCM 4748 / NBRC 13426 / NCIMB 8594 / NRRL 2338),uppP,antibiotic resistance
Q55317,11,1,0,10,0.741,1,Staphylococcus haemolyticus,fosB,antibiotic resistance
Q8FFM3,24,1,0,23,0.74,1,Escherichia coli O6:H1 (strain CFT073 / ATCC 700928 / UPEC),arnB,antibiotic resistance
P31141,28,1,0,27,0.74,1,Streptomyces lividans,cmlR,antibiotic resistance
P94967,20,1,0,19,0.74,1,Mycolicibacterium smegmatis,alr,antibiotic resistance
B7N5M0,47,1,1,45,0.74,15,Escherichia coli O17:K52:H18 (strain UMN026 / ExPEC),arnA,antibiotic resistance
Q9L4P2,15,1,0,14,0.739,3,Acinetobacter baumannii,OXA-23,antibiotic resistance
A6QJJ7,34,1,0,33,0.739,1,Staphylococcus aureus (strain Newman),tcaA,antibiotic resistance
A5ISA3,23,1,0,22,0.739,2,Staphylococcus aureus (strain JH9),rlmN,antibiotic resistance
C4XT96,17,1,0,16,0.739,17,Solidesulfovibrio magneticus (strain ATCC 700980 / DSM 13731 / RS-1),uppP,antibiotic resistance
P9WJB2,14,2,0,12,0.738,3,Mycobacterium tuberculosis (strain CDC 1551 / Oshkosh),Fluoroquinolone,antibiotic resistance
P0AAX2,3,1,1,1,0.738,2,Shigella flexneri,acrZ,antibiotic resistance
O08446,20,1,0,19,0.738,12,Mycobacterium tuberculosis (strain ATCC 25618 / H37Rv),HTH-type,antibiotic resistance
Q99UQ0,24,1,0,23,0.737,1,Staphylococcus aureus (strain Mu50 / ATCC 700699),rlmN,antibiotic resistance
B8CWG2,14,1,1,12,0.737,5,Halothermothrix orenii (strain H 168 / OCM 544 / DSM 9562),uppP,antibiotic resistance
Q1C743,17,1,0,16,0.737,6,Yersinia pestis bv. Antiqua (strain Antiqua),arnD,antibiotic resistance
B7MXT5,21,2,0,19,0.736,16,Escherichia coli O81 (strain ED1a),arnC,antibiotic resistance
B0TIP2,22,1,2,19,0.736,13,Shewanella halifaxensis (strain HAW-EB4),uppP,antibiotic resistance
A4TIM3,27,1,1,25,0.735,15,Yersinia pestis (strain Pestoides F),arnC,antibiotic resistance
B7UFR8,28,1,0,27,0.735,2,Escherichia coli O127:H6 (strain E2348/69 / EPEC),arnD,antibiotic resistance
Q2FZ66,19,1,0,18,0.735,2,Staphylococcus aureus (strain NCTC 8325 / PS 47),rlmN,antibiotic resistance
Q7BF87,31,1,1,29,0.734,3,Yersinia pseudotuberculosis serotype I (strain IP32953),arnB,antibiotic resistance
B3QQ95,17,1,1,15,0.734,13,Chlorobaculum parvum (strain DSM 263 / NCIMB 8327),uppP,antibiotic resistance
A8GDR8,21,1,0,20,0.734,15,Serratia proteamaculans (strain 568),arnD,antibiotic resistance
A9N5B1,16,1,1,14,0.734,3,Salmonella paratyphi B (strain ATCC BAA-1250 / SPB7),arnD,antibiotic resistance
A5I5U3,18,1,0,17,0.734,1,Clostridium botulinum (strain Hall / ATCC 3502 / NCTC 13319 / Type A),cfr,antibiotic resistance
Q6GI27,29,1,0,28,0.734,29,Staphylococcus aureus (strain MRSA252),fmtA,antibiotic resistance
A7Z1T2,21,1,0,20,0.733,1,Bacillus velezensis (strain DSM 23117 / BGSC 10A6 / LMG 26770 / FZB42),cfr,antibiotic resistance
B7VBN1,23,1,1,21,0.733,19,Pseudomonas aeruginosa (strain LESB58),arnD,antibiotic resistance
B4TPI1,23,1,0,22,0.732,22,Salmonella schwarzengrund (strain CVM19633),arnC,antibiotic resistance
Q2J4I7,13,1,1,11,0.732,2,Frankia casuarinae (strain DSM 45818 / CECT 9043 / HFP020203 / CcI3),uppP3,antibiotic resistance
A1JPN1,17,1,0,16,0.731,1,Yersinia enterocolitica serotype O:8 / biotype 1B (strain NCTC 13174 / 8081),arnD,antibiotic resistance
P60934,18,1,1,16,0.731,2,Streptococcus pneumoniae serotype 4 (strain ATCC BAA-334 / TIGR4),uppP,antibiotic resistance
P62967,32,1,2,29,0.731,10,Staphylococcus epidermidis (strain ATCC 12228 / FDA PCI 1200),tet,antibiotic resistance
Q8KSA6,9,1,0,8,0.731,3,Escherichia coli,bla,antibiotic resistance
P0AAX1,1,1,0,0,0.731,1,Escherichia coli O157:H7,acrZ,antibiotic resistance
C0MG10,18,1,0,17,0.731,2,Streptococcus equi subsp. zooepidemicus (strain H70),uppP,antibiotic resistance
Q8CXK0,20,1,2,17,0.731,1,Oceanobacillus iheyensis (strain DSM 14371 / CIP 107618 / JCM 11309 / KCTC 3954 / HTE831),uppP,antibiotic resistance
B5RL84,17,1,0,16,0.729,2,Borrelia duttonii (strain Ly),uppP,antibiotic resistance
P0AE82,37,1,1,35,0.729,1,Escherichia coli (strain K12),cpxA,other resistance
P60932,20,1,0,19,0.729,5,Escherichia coli (strain K12),uppP,antibiotic resistance
P60186,18,1,0,17,0.728,1,Staphylococcus aureus (strain MW2),mecA,beta-lactamase
A4TIM5,20,1,0,19,0.728,1,Yersinia pestis (strain Pestoides F),arnD,antibiotic resistance
P60185,18,1,0,17,0.728,1,Staphylococcus aureus (strain N315),mecA,beta-lactamase
B3E171,21,1,0,20,0.728,20,Methylacidiphilum infernorum (isolate V4),uppP,antibiotic resistance
P60184,18,1,0,17,0.728,1,Staphylococcus aureus (strain Mu50 / ATCC 700699),mecA,beta-lactamase
P9WJV4,52,2,2,48,0.727,38,Mycobacterium tuberculosis (strain CDC 1551 / Oshkosh),mmpL3,TB resistance
A8A2C0,26,1,1,24,0.727,1,Escherichia coli O9:H4 (strain HS),arnB,antibiotic resistance
Q2YXJ8,24,1,0,23,0.727,1,Staphylococcus aureus (strain bovine RF122 / ET3-1),rlmN,antibiotic resistance
P9WG91,34,1,0,33,0.726,34,Mycobacterium tuberculosis (strain ATCC 25618 / H37Rv),stp,antibiotic resistance
B7UFR5,28,1,0,27,0.726,1,Escherichia coli O127:H6 (strain E2348/69 / EPEC),arnB,antibiotic resistance
Q9CHL8,54,1,2,51,0.726,3,Lactococcus lactis subsp. lactis (strain IL1403),lmrA,antibiotic resistance
B2HXY4,15,1,0,14,0.726,15,Acinetobacter baumannii (strain ACICU),uppP,antibiotic resistance
P9WJ62,12,1,0,11,0.725,9,Mycobacterium tuberculosis (strain CDC 1551 / Oshkosh),tlyA,TB resistance
Q8CN95,41,1,0,40,0.725,9,Staphylococcus epidermidis (strain ATCC 12228 / FDA PCI 1200),tcaA,antibiotic resistance
P59655,26,1,1,24,0.724,13,Streptococcus pneumoniae (strain ATCC BAA-255 / R6),sulA,antibiotic resistance
Q9X3P3,50,1,0,49,0.724,14,Enterococcus gallinarum,vanT,antibiotic resistance
Q65FP0,19,1,1,17,0.724,10,Bacillus licheniformis (strain ATCC 14580 / DSM 13 / JCM 2505 / CCUG 7422 / NBRC 12200 / NCIMB 9375 / NCTC 10341 / NRRL NRS-1264 / Gibson 46),uppP2,antibiotic resistance
A7FX96,21,1,0,20,0.724,1,Clostridium botulinum (strain ATCC 19397 / Type A),cfr,antibiotic resistance
P0AES4,24,1,1,22,0.724,3,Escherichia coli (strain K12),gyrA,antibiotic resistance
A7ZP72,25,1,0,24,0.723,25,Escherichia coli O139:H28 (strain E24377A / ETEC),arnC,antibiotic resistance
Q93PD8,49,1,1,47,0.723,12,Yersinia pseudotuberculosis serotype I (strain IP32953),arnA,antibiotic resistance
Q47746,18,1,0,17,0.723,16,Enterococcus faecalis (strain ATCC 700802 / V583),vanYB,antibiotic resistance
Q47NU8,14,1,0,13,0.723,14,Thermobifida fusca (strain YX),uppP,antibiotic resistance
Q9HWC1,16,1,0,15,0.723,16,Pseudomonas aeruginosa (strain ATCC 15692 / DSM 22644 / CIP 104116 / JCM 14847 / LMG 12228 / 1C / PRS 101 / PAO1),coaX,antibiotic resistance
Q8CTL4,39,1,0,38,0.723,1,Staphylococcus epidermidis (strain ATCC 12228 / FDA PCI 1200),graS,antibiotic resistance
Q07YT7,21,1,1,19,0.722,14,Shewanella frigidimarina (strain NCIMB 400),uppP,antibiotic resistance
A1TAS8,18,1,1,16,0.722,6,Mycolicibacterium vanbaalenii (strain DSM 7251 / JCM 13017 / BCRC 16820 / KCTC 9966 / NRRL B-24157 / PYR-1),uppP,antibiotic resistance
Q0RHR9,20,1,0,19,0.722,8,Frankia alni (strain DSM 45986 / CECT 9034 / ACN14a),uppP3,antibiotic resistance
P49417,13,1,0,12,0.721,1,Vibrio anguillarum,cat,antibiotic resistance
P00485,12,1,1,10,0.721,2,Staphylococcus aureus,cat,antibiotic resistance
B7LT82,30,1,1,28,0.721,4,Escherichia fergusonii (strain ATCC 35469 / DSM 13698 / CCUG 18766 / IAM 14443 / JCM 21226 / LMG 7866 / NBRC 102419 / NCTC 12128 / CDC 0568-73),mdtG,antibiotic resistance
Q8L0X4,25,1,0,24,0.721,1,Fusobacterium nucleatum subsp. polymorphum,mgl,antibiotic resistance
A5E8M5,16,1,1,14,0.72,15,Bradyrhizobium sp. (strain BTAi1 / ATCC BAA-1182),uppP,antibiotic resistance
Q3JPL1,18,1,0,17,0.72,5,Burkholderia pseudomallei (strain 1710b),uppP2,antibiotic resistance
A8A2C1,19,1,1,17,0.72,18,Escherichia coli O9:H4 (strain HS),arnC,antibiotic resistance
Q8F397,17,1,1,15,0.72,4,Leptospira interrogans serogroup Icterohaemorrhagiae serovar Lai (strain 56601),uppP,antibiotic resistance
P32011,18,1,0,17,0.72,1,Streptomyces peucetius,drrB,antibiotic resistance
C4ZU97,42,1,1,40,0.719,39,Escherichia coli (strain K12 / MC4100 / BW2952),arnA,antibiotic resistance
Q1C369,18,1,1,16,0.719,18,Yersinia pestis bv. Antiqua (strain Antiqua),uppP,antibiotic resistance
B5FB78,21,1,1,19,0.718,4,Aliivibrio fischeri (strain MJ11),uppP,antibiotic resistance
A8H157,20,1,0,19,0.718,20,Shewanella pealeana (strain ATCC 700345 / ANG-SQ1),uppP,antibiotic resistance
P9WGF0,6,1,0,5,0.718,2,Mycobacterium tuberculosis (strain CDC 1551 / Oshkosh),mmr,antibiotic resistance
B6I7J7,24,1,0,23,0.718,21,Escherichia coli (strain SE11),arnC,antibiotic resistance
Q2G0B4,20,1,1,18,0.717,1,Staphylococcus aureus (strain NCTC 8325 / PS 47),uppP,antibiotic resistance
P22390,13,1,0,12,0.717,1,Citrobacter koseri,Beta-lactamase,antibiotic resistance
Q5YVL4,19,1,0,18,0.716,9,Nocardia farcinica (strain IFM 10152),uppP,antibiotic resistance
B7VBN2,46,1,0,45,0.716,29,Pseudomonas aeruginosa (strain LESB58),arnA,antibiotic resistance
A7FHH2,33,1,0,32,0.716,1,Yersinia pseudotuberculosis serotype O:1b (strain IP 31758),arnB,antibiotic resistance
Q9A2G0,15,1,0,14,0.716,15,Caulobacter vibrioides (strain ATCC 19089 / CIP 103742 / CB 15),uppP,antibiotic resistance
P28585,16,1,0,15,0.716,3,Escherichia coli,bla,antibiotic resistance
Q1CIH5,28,1,0,27,0.715,1,Yersinia pestis bv. Antiqua (strain Nepal516),arnB,antibiotic resistance
Q5PNA4,26,1,0,25,0.715,2,Salmonella paratyphi A (strain ATCC 9150 / SARB42),arnB,antibiotic resistance
P0A0U9,33,1,0,32,0.715,7,Neisseria meningitidis serogroup B (strain ATCC BAA-335 / MC58),penA,antibiotic resistance
B4S3H1,28,1,0,27,0.715,8,Prosthecochloris aestuarii (strain DSM 271 / SK 413),uppP,antibiotic resistance
C4ZU96,23,1,1,21,0.714,22,Escherichia coli (strain K12 / MC4100 / BW2952),arnC,antibiotic resistance
Q1CY86,25,1,0,24,0.714,9,Myxococcus xanthus (strain DK1622),uppP,antibiotic resistance
Q9RQ29,39,1,0,38,0.714,39,Neisseria gonorrhoeae,farB,efflux pump
Q06240,42,1,0,41,0.713,2,Enterococcus faecium,vanS,antibiotic resistance
Q7CIT9,18,1,0,17,0.713,4,Yersinia pestis,arnD,antibiotic resistance
A0Q4N6,14,1,0,13,0.713,1,Francisella tularensis subsp. novicida (strain ATCC 15482 / CCUG 33449 / U112),lpxF,antibiotic resistance
P00807,14,1,1,12,0.713,7,Staphylococcus aureus,blaZ,antibiotic resistance
A7X1H8,23,1,0,22,0.713,1,Staphylococcus aureus (strain Mu3 / ATCC 700698),rlmN,antibiotic resistance
Q49WZ9,26,1,0,25,0.712,1,Staphylococcus saprophyticus subsp. saprophyticus (strain ATCC 15305 / DSM 20229 / NCIMB 8711 / NCTC 7292 / S-41),rlmN,antibiotic resistance
A9KK15,18,1,0,17,0.712,1,Lachnoclostridium phytofermentans (strain ATCC 700394 / DSM 18823 / ISDg),cfr,antibiotic resistance
Q8RB29,20,1,1,18,0.712,14,Caldanaerobacter subterraneus subsp. tengcongensis (strain DSM 15242 / JCM 11007 / NBRC 100824 / MB4),uppP,antibiotic resistance
P45439,23,1,0,22,0.712,2,Streptomyces fradiae,ermSF,antibiotic resistance
P71485,82,1,3,78,0.712,44,Mycobacterium avium,embA,antibiotic resistance
A2C666,22,1,0,21,0.711,22,Prochlorococcus marinus (strain MIT 9303),uppP,antibiotic resistance
Q6FDP8,18,1,2,15,0.711,5,Acinetobacter baylyi (strain ATCC 33305 / BD413 / ADP1),uppP2,antibiotic resistance
C3LS16,20,1,0,19,0.709,11,Vibrio cholerae serotype O1 (strain M66-2),uppP,antibiotic resistance
P16898,15,1,0,14,0.709,1,Corynebacterium diphtheriae,ermA,antibiotic resistance
P0DX93,39,1,0,38,0.709,37,Streptococcus pneumoniae,msrD,antibiotic resistance
Q8NXQ4,22,1,1,20,0.709,1,Staphylococcus aureus (strain MW2),uppP,antibiotic resistance
Q8ZDX7,24,1,2,21,0.709,5,Yersinia pestis,arnC,antibiotic resistance
Q6HPB7,13,1,1,11,0.709,6,Bacillus thuringiensis subsp. konkukian (strain 97-27),uppP1,antibiotic resistance
P13955,9,1,0,8,0.708,1,Staphylococcus aureus,dfrA,antibiotic resistance
B1X8W6,22,1,0,21,0.708,2,Escherichia coli (strain K12 / DH10B),arnB,antibiotic resistance
P02919,64,1,1,62,0.707,12,Escherichia coli (strain K12),mrcB,antibiotic resistance
Q8NV48,34,1,0,33,0.707,2,Staphylococcus aureus (strain MW2),tcaA,antibiotic resistance
Q3YZV3,24,1,0,23,0.707,1,Shigella sonnei (strain Ss046),arnB,antibiotic resistance
Q7A600,20,1,0,19,0.706,2,Staphylococcus aureus (strain N315),rlmN,antibiotic resistance
Q83KB7,23,1,0,22,0.705,2,Shigella flexneri,arnD,antibiotic resistance
Q7AC24,29,1,0,28,0.705,3,Escherichia coli O157:H7,arnB,antibiotic resistance
A7ZZ23,25,1,3,21,0.705,21,Escherichia coli O9:H4 (strain HS),mdtH,antibiotic resistance
Q6GHL7,23,1,0,22,0.705,2,Staphylococcus aureus (strain MRSA252),rlmN,antibiotic resistance
Q9JVR5,50,1,0,49,0.705,35,Neisseria meningitidis serogroup A / serotype 4A (strain DSM 15465 / Z2491),macB,antibiotic resistance
P94968,15,1,0,14,0.705,1,Mycolicibacterium smegmatis (strain ATCC 700084 / mc(2)155),aac,antibiotic resistance
Q7A338,18,1,0,17,0.704,1,Staphylococcus aureus (strain N315),drp35,antibiotic resistance
A5F9D4,18,1,1,16,0.704,1,Vibrio cholerae serotype O1 (strain ATCC 39541 / Classical Ogawa 395 / O395),uppP,antibiotic resistance
A5GNW2,20,1,0,19,0.704,20,Synechococcus sp. (strain WH7803),uppP,antibiotic resistance
O52324,22,1,1,20,0.703,21,Salmonella typhimurium (strain LT2 / SGSC1412 / ATCC 700720),arnC,antibiotic resistance
Q32DZ9,53,1,1,51,0.703,5,Shigella dysenteriae serotype 1 (strain Sd197),macB,antibiotic resistance
Q82NI4,14,1,1,12,0.702,11,Streptomyces avermitilis (strain ATCC 31267 / DSM 46492 / JCM 5070 / NBRC 14893 / NCIMB 12804 / NRRL 8165 / MA-4680),uppP1,antibiotic resistance
B5R271,19,1,0,18,0.702,18,Salmonella enteritidis PT4 (strain P125109),arnC,antibiotic resistance
A0QYV1,77,1,1,75,0.702,55,Mycolicibacterium smegmatis (strain ATCC 700084 / mc(2)155),lysX,antibiotic resistance
B7NL82,32,1,1,30,0.702,2,Escherichia coli O7:K1 (strain IAI39 / ExPEC),mdtG,antibiotic resistance
Q3IDA4,16,1,0,15,0.701,12,Pseudoalteromonas translucida (strain TAC 125),uppP2,antibiotic resistance
Q7UNQ8,16,1,1,14,0.701,14,Rhodopirellula baltica (strain DSM 10527 / NCIMB 13988 / SH1),uppP,antibiotic resistance
P9WJT9,90,1,2,87,0.701,25,Mycobacterium tuberculosis (strain ATCC 25618 / H37Rv),mmpL11,TB resistance
B2IM77,18,1,0,17,0.701,17,Streptococcus pneumoniae (strain CGSP14),uppP,antibiotic resistance
Q5HK32,54,1,1,52,0.701,1,Staphylococcus epidermidis (strain ATCC 35984 / DSM 28319 / BCRC 17069 / CCUG 31568 / BM 3577 / RP62A),mecR1,antibiotic resistance
B1LLK7,24,1,0,23,0.7,1,Escherichia coli (strain SMS-3-5 / SECEC),arnB,antibiotic resistance
Q49VN0,17,1,0,16,0.7,13,Staphylococcus saprophyticus subsp. saprophyticus (strain ATCC 15305 / DSM 20229 / NCIMB 8711 / NCTC 7292 / S-41),uppP,antibiotic resistance
Q8DNS0,34,1,1,32,0.7,27,Streptococcus pneumoniae (strain ATCC BAA-255 / R6),stkP,beta-lactamase
P9WFR9,13,1,0,12,0.7,13,Mycobacterium tuberculosis (strain ATCC 25618 / H37Rv),thyA,antibiotic resistance
Q66CL2,53,1,2,50,0.7,50,Yersinia pseudotuberculosis serotype I (strain IP32953),macB1,antibiotic resistance
O53645,98,1,0,97,0.7,98,Mycobacterium tuberculosis (strain ATCC 25618 / H37Rv),P425_00203,antibiotic resistance
P0A3M3,17,1,0,16,0.7,1,Klebsiella pneumoniae,bla,antibiotic resistance
P0C2H2,55,0,3,52,0.699,11,Escherichia coli,macB,antibiotic resistance
Q2J987,21,0,1,20,0.699,4,Frankia casuarinae (strain DSM 45818 / CECT 9043 / HFP020203 / CcI3),uppP2,antibiotic resistance
I6Y8F7,8,0,1,7,0.699,6,Mycobacterium tuberculosis (strain ATCC 25618 / H37Rv),mmpR5,TB resistance
Q7UC63,22,0,2,20,0.699,22,Shigella flexneri,arnC,antibiotic resistance
Q1IZI4,21,0,1,20,0.698,16,Deinococcus geothermalis (strain DSM 11300 / CIP 105573 / AG-3a),uppP,antibiotic resistance
P02983,33,0,4,29,0.697,22,Staphylococcus aureus,tet,antibiotic resistance
P03038,15,0,2,13,0.697,12,Escherichia coli,tetR,antibiotic resistance
Q6MPX9,56,0,2,54,0.697,38,Bdellovibrio bacteriovorus (strain ATCC 15356 / DSM 50701 / NCIMB 9529 / HD100),macB,antibiotic resistance
P0AEK4,15,0,1,14,0.696,5,Escherichia coli (strain K12),fabI,antibiotic resistance
C6BUE1,21,0,1,20,0.696,1,Maridesulfovibrio salexigens (strain ATCC 14822 / DSM 2638 / NCIMB 8403 / VKM B-1763),uppP,antibiotic resistance
A7H1R9,17,0,3,14,0.696,10,Campylobacter jejuni subsp. doylei (strain ATCC BAA-1458 / RM4099 / 269.97),uppP,antibiotic resistance
Q87JM4,59,0,1,58,0.696,57,Vibrio parahaemolyticus serotype O3:K6 (strain RIMD 2210633),macB,antibiotic resistance
P0DXU8,26,0,1,25,0.696,3,Streptomyces coeruleorubidus,drrB3,antibiotic resistance
Q21II7,18,0,1,17,0.695,8,Saccharophagus degradans (strain 2-40 / ATCC 43961 / DSM 17024),uppP,antibiotic resistance
Q2RKY8,20,0,2,18,0.695,2,Moorella thermoacetica (strain ATCC 39073 / JCM 9320),uppP,antibiotic resistance
B4RY28,19,0,3,16,0.695,7,Alteromonas mediterranea (strain DSM 17117 / CIP 110805 / LMG 28347 / Deep ecotype),uppP,antibiotic resistance
Q02652,40,0,1,39,0.694,1,Streptomyces lividans,tetM,antibiotic resistance
P13018,11,0,1,10,0.694,1,Escherichia coli,sat-1,antibiotic resistance
P0AES5,72,0,2,70,0.694,70,Shigella flexneri,gyrA,antibiotic resistance
A8GDR7,48,0,1,47,0.693,15,Serratia proteamaculans (strain 568),arnA,antibiotic resistance
P46105,32,0,1,31,0.693,32,Streptomyces coelicolor (strain ATCC BAA-471 / A3(2) / M145),actII-2,antibiotic resistance
O52326,19,0,3,16,0.693,16,Salmonella typhimurium (strain LT2 / SGSC1412 / ATCC 700720),arnD,antibiotic resistance
Q9KJT4,18,0,1,17,0.693,8,Enterococcus gallinarum,vanRc,antibiotic resistance
B1LLK8,25,0,3,22,0.692,24,Escherichia coli (strain SMS-3-5 / SECEC),arnC,antibiotic resistance
B5XTL0,20,0,1,19,0.692,11,Klebsiella variicola (strain 342),arnD,antibiotic resistance
Q6ME04,17,0,1,16,0.692,17,Protochlamydia amoebophila (strain UWE25),uppP,antibiotic resistance
P22118,65,0,1,64,0.692,1,Neisseria gonorrhoeae,gyrB,antibiotic resistance
Q48JI5,19,0,1,18,0.691,2,Pseudomonas savastanoi pv. phaseolicola (strain 1448A / Race 6),uppP,antibiotic resistance
A4SQW7,24,0,2,22,0.691,1,Aeromonas salmonicida (strain A449),arnB,antibiotic resistance
P23835,46,0,2,44,0.691,1,Campylobacter coli,tetO,antibiotic resistance
Q1AWM0,19,0,4,15,0.691,4,Rubrobacter xylanophilus (strain DSM 9941 / JCM 11954 / NBRC 16129 / PRD-1),uppP,antibiotic resistance
B1KHE6,24,0,2,22,0.69,17,Shewanella woodyi (strain ATCC 51908 / MS32),uppP,antibiotic resistance
P42670,30,0,3,27,0.69,9,Streptomyces alboniger,pur8,antibiotic resistance
B7N5L8,26,0,1,25,0.689,1,Escherichia coli O17:K52:H18 (strain UMN026 / ExPEC),arnB,antibiotic resistance
B5EZH8,39,0,2,37,0.689,33,Salmonella agona (strain SL483),arnA,antibiotic resistance
P30899,19,0,1,18,0.688,3,Phocaeicola vulgatus,cfxA,antibiotic resistance
C0Q071,27,0,1,26,0.688,2,Salmonella paratyphi C (strain RKS4594),arnB,antibiotic resistance
A9N5B4,28,0,1,27,0.688,3,Salmonella paratyphi B (strain ATCC BAA-1250 / SPB7),arnB,antibiotic resistance
Q9CBP1,5,0,1,4,0.688,2,Mycobacterium leprae (strain TN),mmr,antibiotic resistance
A8Z547,37,0,1,36,0.688,15,Staphylococcus aureus (strain USA300 / TCH1516),tcaA,antibiotic resistance
Q2KX31,20,0,2,18,0.686,19,Bordetella avium (strain 197N),uppP,antibiotic resistance
Q4JVN6,20,0,3,17,0.686,18,Corynebacterium jeikeium (strain K411),uppP2,antibiotic resistance
B7LM78,26,0,2,24,0.686,22,Escherichia fergusonii (strain ATCC 35469 / DSM 13698 / CCUG 18766 / IAM 14443 / JCM 21226 / LMG 7866 / NBRC 102419 / NCTC 12128 / CDC 0568-73),arnB,antibiotic resistance
Q81V21,21,0,1,20,0.686,3,Bacillus anthracis,uppP3,antibiotic resistance
A7GHV1,56,0,1,55,0.686,14,Clostridium botulinum (strain Langeland / NCTC 10281 / Type F),pbpA,antibiotic resistance
C5NU54,14,0,1,13,0.685,6,Streptomyces noursei,sttH,antibiotic resistance
Q8ZNF3,28,0,1,27,0.685,2,Salmonella typhimurium (strain LT2 / SGSC1412 / ATCC 700720),arnB,antibiotic resistance
P50869,9,0,1,8,0.684,2,Morganella morganii,cat,antibiotic resistance
Q83LR7,55,0,3,52,0.684,32,Shigella flexneri,macB,antibiotic resistance
A5IIP0,12,0,2,10,0.684,1,Thermotoga petrophila (strain ATCC BAA-488 / DSM 13995 / JCM 10881 / RKU-1),uppP,antibiotic resistance
P0DXU5,23,0,1,22,0.684,4,Streptomyces coeruleorubidus,drrA2,antibiotic resistance
P10337,28,0,1,27,0.684,1,Bacteroides fragilis,ermF,antibiotic resistance
Q5WJ42,27,0,1,26,0.684,1,Shouchella clausii (strain KSM-K16),cfr,antibiotic resistance
Q51429,15,0,1,14,0.683,5,Pseudomonas aeruginosa,bla,antibiotic resistance
Q0T2N0,24,0,1,23,0.683,2,Shigella flexneri serotype 5b (strain 8401),arnB,antibiotic resistance
B1XG62,20,0,1,19,0.683,2,Escherichia coli (strain K12 / DH10B),uppP,antibiotic resistance
Q47720,17,0,1,16,0.683,8,Enterococcus casseliflavus,vanC2,antibiotic resistance
Q6GJ11,15,0,1,14,0.682,4,Staphylococcus aureus (strain MRSA252),graR,antibiotic resistance
Q6GD84,50,0,1,49,0.682,5,Staphylococcus aureus (strain MSSA476),gyrA,antibiotic resistance
Q6FBS3,19,0,1,18,0.682,16,Acinetobacter baylyi (strain ATCC 33305 / BD413 / ADP1),uppP3,antibiotic resistance
Q59408,12,0,1,11,0.682,6,Escherichia coli,dfrA13,antibiotic resistance
B7M5T6,22,0,3,19,0.682,21,Escherichia coli O8 (strain IAI1),arnC,antibiotic resistance
Q31B42,23,0,1,22,0.682,1,Prochlorococcus marinus (strain MIT 9312),uppP,antibiotic resistance
Q8NQC3,22,0,1,21,0.681,1,Corynebacterium glutamicum (strain ATCC 13032 / DSM 20300 / JCM 1318 / BCRC 11384 / CCUG 27702 / LMG 3730 / NBRC 12168 / NCIMB 10025 / NRRL B-2784 / 534),uppP,antibiotic resistance
P69927,6,0,2,4,0.681,2,Mycobacterium bovis (strain ATCC BAA-935 / AF2122/97),mmr,antibiotic resistance
A0KGY7,34,0,1,33,0.681,20,Aeromonas hydrophila subsp. hydrophila (strain ATCC 7966 / DSM 30187 / BCRC 13018 / CCUG 14551 / JCM 1027 / KCTC 2358 / NCIMB 9240 / NCTC 8049),arnC,antibiotic resistance
Q98NJ1,21,0,3,18,0.681,17,Mesorhizobium japonicum (strain LMG 29417 / CECT 9101 / MAFF 303099),uppP2,antibiotic resistance
A6QGB8,25,0,1,24,0.68,2,Staphylococcus aureus (strain Newman),rlmN,antibiotic resistance
Q59622,115,0,3,112,0.68,21,Neisseria meningitidis serogroup B (strain ATCC BAA-335 / MC58),rpoB,antibiotic resistance
Q8XED0,57,0,3,54,0.68,6,Escherichia coli O157:H7,macB,antibiotic resistance
B2K5L2,19,0,1,18,0.679,1,Yersinia pseudotuberculosis serotype IB (strain PB1/+),arnD,antibiotic resistance
Q5LLZ3,17,0,1,16,0.679,4,Ruegeria pomeroyi (strain ATCC 700808 / DSM 15171 / DSS-3),uppP,antibiotic resistance
B2K5L5,29,0,1,28,0.679,1,Yersinia pseudotuberculosis serotype IB (strain PB1/+),arnB,antibiotic resistance
P9WNL6,76,0,2,74,0.679,5,Mycobacterium tuberculosis (strain CDC 1551 / Oshkosh),embB,antibiotic resistance
Q4L482,37,0,3,34,0.679,11,Staphylococcus haemolyticus (strain JCSC1435),graS,antibiotic resistance
A4QEA1,19,0,1,18,0.678,2,Corynebacterium glutamicum (strain R),uppP,antibiotic resistance
I6YGX2,46,0,2,44,0.678,27,Mycobacterium tuberculosis (strain ATCC 25618 / H37Rv),ponA2,TB resistance
P13082,16,0,1,15,0.678,4,Klebsiella pneumoniae,str,antibiotic resistance
O69773,22,0,1,21,0.678,1,Providencia stuartii,ampC,antibiotic resistance
B7MIK6,33,0,2,31,0.677,24,Escherichia coli O45:K1 (strain S88 / ExPEC),mdtH,antibiotic resistance
B4SYW9,25,0,1,24,0.677,2,Salmonella newport (strain SL254),arnB,antibiotic resistance
Q9KUJ4,19,0,1,18,0.677,13,Vibrio cholerae serotype O1 (strain ATCC 39315 / El Tor Inaba N16961),uppP,antibiotic resistance
Q50394,84,0,2,82,0.676,83,Mycolicibacterium smegmatis,embA,antibiotic resistance
P26840,9,0,1,8,0.676,1,Lysinibacillus sphaericus,Probable,antibiotic resistance
Q4L5R9,28,0,1,27,0.676,1,Staphylococcus haemolyticus (strain JCSC1435),rlmN,antibiotic resistance
Q81T84,17,0,1,16,0.676,2,Bacillus anthracis,uppP2,antibiotic resistance
Q2FYS4,55,0,2,53,0.675,18,Staphylococcus aureus (strain NCTC 8325 / PS 47),parC,antibiotic resistance
A3M8D6,21,0,1,20,0.675,11,Acinetobacter baumannii (strain ATCC 17978 / DSM 105126 / CIP 53.77 / LMG 1025 / NCDC KC755 / 5377),uppP,antibiotic resistance
Q6G6W4,33,0,1,32,0.675,1,Staphylococcus aureus (strain MSSA476),tcaA,antibiotic resistance
B3ELU5,19,0,2,17,0.674,8,Chlorobium phaeobacteroides (strain BS1),uppP,antibiotic resistance
Q03470,68,0,1,67,0.674,8,Campylobacter jejuni subsp. jejuni serotype O:2 (strain ATCC 700819 / NCTC 11168),gyrA,antibiotic resistance
Q8ZNQ1,90,0,4,86,0.674,72,Salmonella typhimurium (strain LT2 / SGSC1412 / ATCC 700720),mdtC,efflux pump
B5EZH6,24,0,1,23,0.673,2,Salmonella agona (strain SL483),arnB,antibiotic resistance
Q5XBB2,28,0,1,27,0.673,3,Streptococcus pyogenes serotype M6 (strain ATCC BAA-946 / MGAS10394),mefA,antibiotic resistance
B5XTK8,23,0,2,21,0.673,22,Klebsiella variicola (strain 342),arnC,antibiotic resistance
A1JQW4,17,0,2,15,0.672,17,Yersinia enterocolitica serotype O:8 / biotype 1B (strain NCTC 13174 / 8081),uppP,antibiotic resistance
P50075,47,0,1,46,0.672,3,Streptomyces niveus,gyrBS,antibiotic resistance
Q3Z3Q4,54,0,2,52,0.671,4,Shigella sonnei (strain Ss046),macB,antibiotic resistance
P0C071,37,0,1,36,0.671,18,Pseudomonas putida,mepC,antibiotic resistance
Q7BF86,23,0,1,22,0.67,1,Yersinia pseudotuberculosis serotype I (strain IP32953),arnD,antibiotic resistance
A6TF97,22,0,1,21,0.67,13,Klebsiella pneumoniae subsp. pneumoniae (strain ATCC 700721 / MGH 78578),arnD,antibiotic resistance
C0QC99,17,0,1,16,0.669,11,Desulforapulum autotrophicum (strain ATCC 43914 / DSM 3382 / VKM B-1955 / HRM2),uppP,antibiotic resistance
P0C2P0,8,0,1,7,0.669,1,Aspergillus terreus,bsd,antibiotic resistance
P61175,8,0,1,7,0.669,5,Escherichia coli (strain K12),rplV,antibiotic resistance
Q5WCX5,13,0,1,12,0.668,13,Shouchella clausii (strain KSM-K16),uppP2,antibiotic resistance
Q2G2Q0,53,0,2,51,0.668,22,Staphylococcus aureus (strain NCTC 8325 / PS 47),gyrA,antibiotic resistance
Q2K2U9,18,0,2,16,0.668,3,Rhizobium etli (strain ATCC 51251 / DSM 11541 / JCM 21823 / NBRC 15573 / CFN 42),lpxE,antibiotic resistance
Q50393,76,0,4,72,0.667,34,Mycolicibacterium smegmatis,embC,antibiotic resistance
Q8XL56,18,0,1,17,0.667,3,Clostridium perfringens (strain 13 / Type A),uppP,antibiotic resistance
P9WJS7,8,0,2,6,0.667,1,Mycobacterium tuberculosis (strain ATCC 25618 / H37Rv),mmpS5,TB resistance
Q3KCC3,23,0,1,22,0.666,1,Pseudomonas fluorescens (strain Pf0-1),arnB,antibiotic resistance
P0C068,16,0,1,15,0.666,11,Pseudomonas putida,mepR,other resistance
A9M2I7,16,0,2,14,0.665,12,Neisseria meningitidis serogroup C (strain 053442),uppP,antibiotic resistance
B5FNT8,22,0,1,21,0.665,20,Salmonella dublin (strain CT_02021853),arnC,antibiotic resistance
B2VBJ1,19,0,1,18,0.665,1,Erwinia tasmaniensis (strain DSM 17950 / CFBP 7177 / CIP 109463 / NCPPB 4357 / Et1/99),arnB,antibiotic resistance
Q46L84,14,0,1,13,0.665,5,Prochlorococcus marinus (strain NATL2A),uppP,antibiotic resistance
P36979,26,0,1,25,0.665,23,Escherichia coli (strain K12),rlmN,antibiotic resistance
B1LIU5,31,0,1,30,0.665,16,Escherichia coli (strain SMS-3-5 / SECEC),mdtH,antibiotic resistance
Q9KIN5,22,0,1,21,0.665,1,Staphylococcus aureus,uppP,antibiotic resistance
P62461,21,0,3,18,0.665,12,Bacillus cereus (strain ATCC 10987 / NRS 248),uppP1,antibiotic resistance
A3CQ79,15,0,1,14,0.664,6,Streptococcus sanguinis (strain SK36),uppP,antibiotic resistance
A8GDR5,30,0,1,29,0.664,1,Serratia proteamaculans (strain 568),arnB,antibiotic resistance
P60941,16,0,2,14,0.664,6,Treponema denticola (strain ATCC 35405 / DSM 14222 / CIP 103919 / JCM 8153 / KCTC 15104),uppP,antibiotic resistance
Q323M3,48,0,2,46,0.664,2,Shigella boydii serotype 4 (strain Sb227),macB,antibiotic resistance
P18622,22,0,1,21,0.664,4,Streptomyces glaucescens,sph,antibiotic resistance
Q9KUC0,56,0,2,54,0.663,39,Vibrio cholerae serotype O1 (strain ATCC 39315 / El Tor Inaba N16961),mrcB,antibiotic resistance
B4SYX0,21,0,1,20,0.663,18,Salmonella newport (strain SL254),arnC,antibiotic resistance
B1J8R9,21,0,1,20,0.663,1,Pseudomonas putida (strain W619),uppP,antibiotic resistance
P71043,10,0,1,9,0.663,3,Bacillus subtilis (strain 168),ywnH,antibiotic resistance
P48270,19,0,3,16,0.663,4,Chlamydomonas reinhardtii,rps4,antibiotic resistance
Q44057,9,0,1,8,0.663,6,Acinetobacter haemolyticus,Aminoglycoside,antibiotic resistance
P26838,9,0,1,8,0.663,1,Escherichia coli,catB2,antibiotic resistance
O87626,57,0,1,56,0.663,46,Neisseria flavescens,mrcA,antibiotic resistance
Q1GCR3,18,0,1,17,0.661,7,Ruegeria sp. (strain TM1040),uppP,antibiotic resistance
P77463,18,0,2,16,0.661,10,Escherichia coli (strain K12),ddpC,glycopeptide resistance
A6V6L2,20,0,3,17,0.66,7,Pseudomonas paraeruginosa (strain DSM 24068 / PA7),uppP,antibiotic resistance
Q668L6,65,0,1,64,0.66,1,Yersinia pseudotuberculosis serotype I (strain IP32953),macB2,antibiotic resistance
Q57M56,18,0,1,17,0.66,18,Salmonella choleraesuis (strain SC-B67),arnC,antibiotic resistance
B7I7L7,16,0,1,15,0.659,16,Acinetobacter baumannii (strain AB0057),uppP,antibiotic resistance
Q44674,15,0,1,14,0.659,3,Bacillus amyloliquefaciens,penP,antibiotic resistance
Q04733,30,0,3,27,0.658,30,Amycolatopsis lactamdurans,cmcT,antibiotic resistance
A4FF33,14,0,1,13,0.658,1,Saccharopolyspora erythraea (strain ATCC 11635 / DSM 40517 / JCM 4748 / NBRC 13426 / NCIMB 8594 / NRRL 2338),vgb,antibiotic resistance
P0AG55,15,0,1,14,0.658,1,Escherichia coli (strain K12),rplF,antibiotic resistance
Q57M57,28,0,1,27,0.656,2,Salmonella choleraesuis (strain SC-B67),arnB,antibiotic resistance
Q7N3Q6,28,0,2,26,0.656,26,Photorhabdus laumondii subsp. laumondii (strain DSM 15139 / CIP 105565 / TT01),arnC,antibiotic resistance
Q8D341,48,0,1,47,0.656,13,Wigglesworthia glossinidia brevipalpis,arnA,antibiotic resistance
O86094,125,0,1,124,0.655,2,Legionella pneumophila,rpoB,antibiotic resistance
A0QND6,36,0,1,35,0.654,1,Mycolicibacterium smegmatis (strain ATCC 700084 / mc(2)155),dnaN,antibiotic resistance
B1HZM2,9,0,1,8,0.654,1,Lysinibacillus sphaericus (strain C3-41),fosB,antibiotic resistance
A0A0R6L508,35,0,2,33,0.654,10,Escherichia coli,mcr1,antibiotic resistance
Q9ZMM1,15,0,1,14,0.654,2,Helicobacter pylori (strain J99 / ATCC 700824),hcpA,antibiotic resistance
P0A8V2,106,0,2,104,0.653,2,Escherichia coli (strain K12),rpoB,antibiotic resistance
P03039,23,0,1,22,0.653,1,Escherichia coli,tetR,antibiotic resistance
Q0RKT0,17,0,1,16,0.652,5,Frankia alni (strain DSM 45986 / CECT 9034 / ACN14a),uppP1,antibiotic resistance
Q2RPB4,45,0,2,43,0.652,21,Rhodospirillum rubrum (strain ATCC 11170 / ATH 1.1.1 / DSM 467 / LMG 4362 / NCIMB 8255 / S1),macB,antibiotic resistance
Q9I5U1,22,0,1,21,0.651,17,Pseudomonas aeruginosa (strain ATCC 15692 / DSM 22644 / CIP 104116 / JCM 14847 / LMG 12228 / 1C / PRS 101 / PAO1),amgK,antibiotic resistance
Q7VCK5,27,0,1,26,0.651,27,Prochlorococcus marinus (strain SARG / CCMP1375 / SS120),uppP,antibiotic resistance
Q2G0E0,13,0,2,11,0.651,1,Staphylococcus aureus (strain NCTC 8325 / PS 47),graR,antibiotic resistance
D0ZV90,12,0,2,10,0.651,4,Salmonella typhimurium (strain 14028s / SGSC 2262),phoP,colistin resistance
P0AES6,32,0,1,31,0.649,1,Escherichia coli (strain K12),gyrB,antibiotic resistance
A0R1Y1,12,0,1,11,0.649,1,Mycolicibacterium smegmatis (strain ATCC 700084 / mc(2)155),vgb,antibiotic resistance
B2KE93,15,0,1,14,0.649,4,Elusimicrobium minutum (strain Pei191),uppP,antibiotic resistance
A7FHH4,49,0,1,48,0.648,5,Yersinia pseudotuberculosis serotype O:1b (strain IP 31758),arnA,antibiotic resistance
P0AAX0,2,0,1,1,0.648,1,Escherichia coli O6:H1 (strain CFT073 / ATCC 700928 / UPEC),acrZ,antibiotic resistance
P9WG21,22,0,2,20,0.647,3,Mycobacterium tuberculosis (strain ATCC 25618 / H37Rv),drrC,antibiotic resistance
A1JPP9,24,0,2,22,0.646,1,Yersinia enterocolitica serotype O:8 / biotype 1B (strain NCTC 13174 / 8081),arnB,antibiotic resistance
A1A9B7,53,0,2,51,0.646,53,Escherichia coli O1:K1 / APEC,macB1,antibiotic resistance
Q63FW2,23,0,2,21,0.646,5,Bacillus cereus (strain ZK / E33L),uppP2,antibiotic resistance
Q0TFI8,22,0,1,21,0.646,21,Escherichia coli O6:K15:H31 (strain 536 / UPEC),arnC,antibiotic resistance
B7NNT2,22,0,1,21,0.645,2,Escherichia coli O7:K1 (strain IAI39 / ExPEC),arnB,antibiotic resistance
Q8G2M6,63,0,2,61,0.645,54,Brucella suis biovar 1 (strain 1330),bepE,antibiotic resistance
P13079,32,0,1,31,0.645,1,Streptomyces thermotolerans,carB,antibiotic resistance
P62467,17,0,1,16,0.645,5,Thermus thermophilus (strain ATCC BAA-163 / DSM 7039 / HB27),uppP,antibiotic resistance
P07641,14,0,1,13,0.645,3,Proteus mirabilis,cat,antibiotic resistance
P9WKZ1,17,0,1,16,0.644,17,Mycobacterium tuberculosis (strain ATCC 25618 / H37Rv),MTCY78.22c,antibiotic resistance
P29807,23,0,1,22,0.643,1,Acinetobacter baumannii,aacC2,antibiotic resistance
P0ABQ4,7,0,1,6,0.643,1,Escherichia coli (strain K12),folA,antibiotic resistance
P39843,28,0,2,26,0.643,2,Bacillus subtilis (strain 168),blt,antibiotic resistance
B2VBJ0,21,0,2,19,0.643,16,Erwinia tasmaniensis (strain DSM 17950 / CFBP 7177 / CIP 109463 / NCPPB 4357 / Et1/99),arnC,antibiotic resistance
P16897,19,0,1,18,0.642,3,Pseudomonas aeruginosa,pse4,antibiotic resistance
P9WNU1,34,0,1,33,0.642,2,Mycobacterium tuberculosis (strain ATCC 25618 / H37Rv),dnaN,antibiotic resistance
O34847,20,0,1,19,0.641,4,Bacillus subtilis (strain 168),accA,antibiotic resistance
P9WGF1,7,0,1,6,0.641,1,Mycobacterium tuberculosis (strain ATCC 25618 / H37Rv),mmr,antibiotic resistance
O07550,39,0,1,38,0.641,8,Bacillus subtilis (strain 168),bmrC,antibiotic resistance
P20173,18,0,1,17,0.641,3,Enterococcus faecalis (strain ATCC 700802 / V583),ermB,antibiotic resistance
Q0TFI9,23,0,1,22,0.641,1,Escherichia coli O6:K15:H31 (strain 536 / UPEC),arnB,antibiotic resistance
B4TBG5,26,0,1,25,0.64,20,Salmonella heidelberg (strain SL476),arnC,antibiotic resistance
Q06650,17,0,1,16,0.64,3,Streptomyces cellulosae,bla,antibiotic resistance
Q9KJT3,24,0,1,23,0.64,1,Enterococcus gallinarum,vanSc,antibiotic resistance
D0JUX5,24,0,2,22,0.64,14,Yersinia pestis (strain D182038),mdfA,antibiotic resistance
Q6GGX2,26,0,1,25,0.64,2,Staphylococcus aureus (strain MRSA252),norB,antibiotic resistance
Q6D2F1,47,0,1,46,0.64,6,Pectobacterium atrosepticum (strain SCRI 1043 / ATCC BAA-672),arnA,antibiotic resistance
B1JJ31,19,0,1,18,0.639,1,Yersinia pseudotuberculosis serotype O:3 (strain YPIII),arnD,antibiotic resistance
B8J0P3,22,0,3,19,0.639,4,Desulfovibrio desulfuricans (strain ATCC 27774 / DSM 6949 / MB),uppP,antibiotic resistance
A0LSX9,21,0,1,20,0.638,15,Acidothermus cellulolyticus (strain ATCC 43068 / DSM 8971 / 11B),uppP,antibiotic resistance
Q2FIX9,39,0,1,38,0.638,6,Staphylococcus aureus (strain USA300),graS,antibiotic resistance
Q1C740,27,0,2,25,0.637,1,Yersinia pestis bv. Antiqua (strain Antiqua),arnB,antibiotic resistance
Q5PNA5,20,0,1,19,0.637,19,Salmonella paratyphi A (strain ATCC 9150 / SARB42),arnC,antibiotic resistance
A0A0H3JVA1,41,0,1,40,0.637,17,Staphylococcus aureus (strain MW2),tarS,antibiotic resistance
P9WG45,52,0,3,49,0.636,51,Mycobacterium tuberculosis (strain ATCC 25618 / H37Rv),gyrB,antibiotic resistance
Q9KZX7,9,0,1,8,0.635,2,Streptomyces coelicolor (strain ATCC BAA-471 / A3(2) / M145),vgb,antibiotic resistance
P0A3M6,40,0,1,39,0.635,26,Streptococcus pneumoniae (strain ATCC BAA-255 / R6),penA,antibiotic resistance
Q8ZDX8,49,0,1,48,0.635,42,Yersinia pestis,arnA,antibiotic resistance
Q9CDM7,17,0,1,16,0.635,3,Lactococcus lactis subsp. lactis (strain IL1403),uppP,antibiotic resistance
P37340,42,0,1,41,0.634,42,Escherichia coli (strain K12),mdtK,antibiotic resistance
C0Q070,21,0,2,19,0.634,20,Salmonella paratyphi C (strain RKS4594),arnC,antibiotic resistance
Q04M23,16,0,1,15,0.634,6,Streptococcus pneumoniae serotype 2 (strain D39 / NCTC 7466),uppP,antibiotic resistance
P0A1C3,18,0,1,17,0.633,1,Salmonella typhimurium (strain LT2 / SGSC1412 / ATCC 700720),accA,antibiotic resistance
A6V1P0,50,0,1,49,0.633,1,Pseudomonas paraeruginosa (strain DSM 24068 / PA7),arnA,antibiotic resistance
B5EZH7,26,0,1,25,0.633,26,Salmonella agona (strain SL483),arnC,antibiotic resistance
A4WEI9,21,0,1,20,0.633,17,Enterobacter sp. (strain 638),uppP,antibiotic resistance
Q02R26,24,0,2,22,0.633,10,Pseudomonas aeruginosa (strain UCBPP-PA14),arnD,antibiotic resistance
A9N5B3,22,0,1,21,0.632,21,Salmonella paratyphi B (strain ATCC BAA-1250 / SPB7),arnC,antibiotic resistance
P24619,19,0,2,17,0.632,1,Micromonospora rosea,grm,antibiotic resistance
Q5P6D5,44,0,2,42,0.632,5,Aromatoleum aromaticum (strain DSM 19018 / LMG 30748 / EbN1),macB,antibiotic resistance
B5R270,25,0,1,24,0.63,5,Salmonella enteritidis PT4 (strain P125109),arnB,antibiotic resistance
P9WJX2,20,0,1,19,0.63,20,Mycobacterium tuberculosis (strain CDC 1551 / Oshkosh),Probable,antibiotic resistance
P20092,10,0,1,9,0.63,1,Serratia marcescens,aacA4,antibiotic resistance
B5F6A1,20,0,1,19,0.629,16,Salmonella agona (strain SL483),uppP,antibiotic resistance
Q83QT9,23,0,1,22,0.629,3,Shigella flexneri,arnB,antibiotic resistance
B5YX45,25,0,1,24,0.629,25,Escherichia coli O157:H7 (strain EC4115 / EHEC),arnC,antibiotic resistance
A1RG29,59,0,2,57,0.629,2,Shewanella sp. (strain W3-18-1),macB,antibiotic resistance
P51561,24,0,1,23,0.629,1,Pasteurella multocida,tetR,antibiotic resistance
A0R8Y3,16,0,3,13,0.628,4,Bacillus thuringiensis (strain Al Hakam),uppP1,antibiotic resistance
O25728,16,0,1,15,0.627,13,Helicobacter pylori (strain ATCC 700392 / 26695),hcpC,antibiotic resistance
A1K323,49,0,1,48,0.627,41,Azoarcus sp. (strain BH72),macB,antibiotic resistance
B1X8W9,25,0,1,24,0.627,1,Escherichia coli (strain K12 / DH10B),arnD,antibiotic resistance
P60940,20,0,2,18,0.627,6,Rhodopseudomonas palustris (strain ATCC BAA-98 / CGA009),uppP,antibiotic resistance
P0A8T7,115,0,1,114,0.627,1,Escherichia coli (strain K12),rpoC,antibiotic resistance
P56976,3,0,1,2,0.626,2,Escherichia coli (strain K12),blr,antibiotic resistance
Q8KFJ7,18,0,1,17,0.626,4,Chlorobaculum tepidum (strain ATCC 49652 / DSM 12025 / NBRC 103806 / TLS),uppP,antibiotic resistance
P23364,12,0,1,11,0.626,4,Agrobacterium fabrum (strain C58 / ATCC 33970),cat,antibiotic resistance
P0ABQ7,11,0,1,10,0.626,4,Escherichia coli,dhfrVIII,antibiotic resistance
A1BE50,54,0,2,52,0.626,10,Chlorobium phaeobacteroides (strain DSM 266 / SMG 266 / 2430),macB,antibiotic resistance
Q1CA99,54,0,1,53,0.625,29,Yersinia pestis bv. Antiqua (strain Antiqua),macB1,antibiotic resistance
A1ADA5,21,0,1,20,0.625,1,Escherichia coli O1:K1 / APEC,arnB,antibiotic resistance
Q32DT2,25,0,1,24,0.624,2,Shigella dysenteriae serotype 1 (strain Sd197),arnD,antibiotic resistance
Q5QUY5,14,0,2,12,0.623,1,Idiomarina loihiensis (strain ATCC BAA-735 / DSM 15497 / L2-TR),uppP,antibiotic resistance
Q48434,19,0,1,18,0.623,1,Klebsiella pneumoniae,blaCMY-2,antibiotic resistance
A1VYW8,49,0,2,47,0.622,49,Campylobacter jejuni subsp. jejuni serotype O:23/36 (strain 81-176),macB,antibiotic resistance
P0C2P1,9,0,1,8,0.622,4,Aspergillus terreus (strain NIH 2624 / FGSC A1156),bsd,antibiotic resistance
P0ABQ8,12,0,2,10,0.621,11,Shigella sonnei,dhfrVIII,antibiotic resistance
Q93PE0,32,0,1,31,0.62,1,Yersinia pestis,arnB,antibiotic resistance
P9WG46,68,0,1,67,0.62,22,Mycobacterium tuberculosis (strain CDC 1551 / Oshkosh),gyrA,antibiotic resistance
B1JJ28,28,0,2,26,0.62,2,Yersinia pseudotuberculosis serotype O:3 (strain YPIII),arnB,antibiotic resistance
P50868,8,0,1,7,0.619,2,Klebsiella aerogenes,catB4,antibiotic resistance
Q9HY62,25,0,2,23,0.619,8,Pseudomonas aeruginosa (strain ATCC 15692 / DSM 22644 / CIP 104116 / JCM 14847 / LMG 12228 / 1C / PRS 101 / PAO1),arnD,antibiotic resistance
P9WFK7,28,0,1,27,0.618,5,Mycobacterium tuberculosis (strain ATCC 25618 / H37Rv),eis,antibiotic resistance
P9WFK6,28,0,1,27,0.618,5,Mycobacterium tuberculosis (strain CDC 1551 / Oshkosh),eis,antibiotic resistance
P28601,16,0,1,15,0.617,6,Geobacillus stearothermophilus,rplD,antibiotic resistance
Q7A6Z3,33,0,1,32,0.616,31,Staphylococcus aureus (strain N315),graS,antibiotic resistance
P0C0D5,19,0,1,18,0.616,3,Streptococcus pyogenes,rplD,antibiotic resistance
B7GXE2,17,0,1,16,0.615,7,Acinetobacter baumannii (strain AB307-0294),uppP,antibiotic resistance
P0A3M5,39,0,1,38,0.615,35,Streptococcus pneumoniae serotype 4 (strain ATCC BAA-334 / TIGR4),penA,antibiotic resistance
Q5HFY7,22,0,2,20,0.615,14,Staphylococcus aureus (strain COL),norB,antibiotic resistance
D0K8E2,34,0,1,33,0.615,4,Staphylococcus aureus (strain ED98),tcaA,antibiotic resistance
A9R093,48,0,1,47,0.614,3,Yersinia pestis bv. Antiqua (strain Angola),arnA,antibiotic resistance
P0AEK5,14,0,1,13,0.614,1,Escherichia coli O157:H7,fabI,antibiotic resistance
A9HXK3,19,0,2,17,0.613,11,Bordetella petrii (strain ATCC BAA-461 / DSM 12804 / CCUG 43448 / CIP 107267 / Se-1111R),uppP,antibiotic resistance
Q81BR3,62,0,1,61,0.613,61,Bacillus cereus (strain ATCC 14579 / DSM 31 / CCUG 7414 / JCM 2152 / NBRC 15305 / NCIMB 9373 / NCTC 2599 / NRRL B-3711),rph,antibiotic resistance
Q8Z541,21,0,1,20,0.612,20,Salmonella typhi,arnC,antibiotic resistance
Q2FHM0,22,0,1,21,0.612,1,Staphylococcus aureus (strain USA300),rlmN,antibiotic resistance
P12833,10,0,1,9,0.612,3,Salmonella typhimurium,dhfrIII,antibiotic resistance
Q0STN1,17,0,1,16,0.612,1,Clostridium perfringens (strain SM101 / Type A),uppP,antibiotic resistance
B1MDE5,64,0,1,63,0.611,58,Mycobacteroides abscessus (strain ATCC 19977 / DSM 44196 / CCUG 20993 / CIP 104536 / JCM 13569 / NCTC 13031 / TMC 1543 / L948),helR,antibiotic resistance
P26825,12,0,1,11,0.611,4,Clostridium perfringens,catQ,antibiotic resistance
Q5HH27,25,0,1,24,0.611,12,Staphylococcus aureus (strain COL),fmtA,antibiotic resistance
A7Z830,20,0,1,19,0.61,19,Bacillus velezensis (strain DSM 23117 / BGSC 10A6 / LMG 26770 / FZB42),uppP,antibiotic resistance
Q03058,15,0,1,14,0.61,2,Streptococcus agalactiae,cat,antibiotic resistance
P0A2T5,11,0,2,9,0.61,11,Salmonella typhi,marR,antibiotic resistance
Q2FZK3,26,0,1,25,0.61,5,Staphylococcus aureus (strain NCTC 8325 / PS 47),fmtA,antibiotic resistance
Q57M55,19,0,1,18,0.608,10,Salmonella choleraesuis (strain SC-B67),arnD,antibiotic resistance
O05131,55,0,2,53,0.608,16,Neisseria gonorrhoeae,mrcA,antibiotic resistance
B9MFI6,13,0,3,10,0.608,4,Acidovorax ebreus (strain TPSY),uppP,antibiotic resistance
A4WAM5,22,0,1,21,0.607,1,Enterobacter sp. (strain 638),arnB,antibiotic resistance
P25397,9,0,1,8,0.607,1,Escherichia coli (strain K12),tehB,antibiotic resistance
Q1CGD7,56,0,1,55,0.607,11,Yersinia pestis bv. Antiqua (strain Nepal516),macB2,antibiotic resistance
A9HI81,24,0,1,23,0.607,6,Gluconacetobacter diazotrophicus (strain ATCC 49037 / DSM 5601 / CCUG 37298 / CIP 103539 / LMG 7603 / PAl5),uppP,antibiotic resistance
P0AEK6,14,0,1,13,0.607,4,Shigella flexneri,fabI,antibiotic resistance
P22391,16,0,1,15,0.606,1,Klebsiella oxytoca,bla,antibiotic resistance
C1CIV9,17,0,1,16,0.606,7,Streptococcus pneumoniae (strain P1031),uppP,antibiotic resistance
Q8PDZ9,18,0,1,17,0.606,1,Xanthomonas campestris pv. campestris (strain ATCC 33913 / DSM 3586 / NCPPB 528 / LMG 568 / P 25),uppP,antibiotic resistance
O25608,15,0,1,14,0.606,8,Helicobacter pylori (strain ATCC 700392 / 26695),rdxA,antibiotic resistance
A2AXI2,16,0,1,15,0.606,1,Staphylococcus warneri,cfr,antibiotic resistance
Q3YZV0,22,0,1,21,0.605,5,Shigella sonnei (strain Ss046),arnD,antibiotic resistance
Q49184,18,0,1,17,0.604,1,Mycolicibacterium fortuitum,sulI,antibiotic resistance
O86088,55,0,1,54,0.604,19,Neisseria cinerea,mrcA,antibiotic resistance
Q7CHI2,55,0,2,53,0.604,2,Yersinia pestis,macB1,antibiotic resistance
D5B5U5,24,0,2,22,0.604,9,Yersinia pestis (strain Z176003),mdfA,antibiotic resistance
Q66A07,7,0,1,6,0.604,5,Yersinia pseudotuberculosis serotype I (strain IP32953),arnE,colistin resistance
I6YEJ7,27,0,2,25,0.604,4,Mycobacterium tuberculosis (strain ATCC 25618 / H37Rv),nicT,antibiotic resistance
P81288,17,0,2,15,0.603,1,Geobacillus stearothermophilus,rpsD,antibiotic resistance
A0LM36,59,0,1,58,0.603,2,Syntrophobacter fumaroxidans (strain DSM 10017 / MPOB),macB,antibiotic resistance
Q6GE78,39,0,1,38,0.602,1,Staphylococcus aureus (strain MRSA252),tcaA,antibiotic resistance
Q4KC84,28,0,1,27,0.602,2,Pseudomonas fluorescens (strain ATCC BAA-477 / NRRL B-23932 / Pf-5),arnB,antibiotic resistance
P86889,28,0,2,26,0.602,2,Enterococcus faecalis,mefA,antibiotic resistance
B1MW96,17,0,2,15,0.601,12,Leuconostoc citreum (strain KM20),uppP,antibiotic resistance
A6TF99,22,0,1,21,0.601,20,Klebsiella pneumoniae subsp. pneumoniae (strain ATCC 700721 / MGH 78578),arnC,antibiotic resistance
Q9KJB0,13,0,1,12,0.601,1,Elizabethkingia meningoseptica,blaB6,antibiotic resistance
Q2NRV6,25,0,1,24,0.601,11,Sodalis glossinidius (strain morsitans),arnC,antibiotic resistance
Q4FNI5,15,0,2,13,0.6,12,Pelagibacter ubique (strain HTCC1062),uppP,antibiotic resistance
A7X5X6,37,0,1,36,0.6,1,Staphylococcus aureus (strain Mu3 / ATCC 700698),tcaA,antibiotic resistance
P0A0U8,32,0,2,30,0.6,4,Neisseria meningitidis serogroup A / serotype 4A (strain DSM 15465 / Z2491),penA,antibiotic resistance
B9MKR9,16,0,4,12,0.6,14,Caldicellulosiruptor bescii (strain ATCC BAA-1888 / DSM 6725 / KCTC 15123 / Z-1320),uppP,antibiotic resistance
F5ZP95,12,0,1,11,0.6,8,Salmonella typhimurium (strain ATCC 68169 / UK-1),phoP,colistin resistance
A4TIM2,29,0,1,28,0.598,3,Yersinia pestis (strain Pestoides F),arnB,antibiotic resistance
B4TBG4,22,0,1,21,0.598,3,Salmonella heidelberg (strain SL476),arnB,antibiotic resistance
Q7AFA1,27,0,4,23,0.598,27,Escherichia coli O157:H7,mdtH,antibiotic resistance
P58777,12,0,1,11,0.598,4,Klebsiella sp,cat,antibiotic resistance
P13246,24,0,1,23,0.597,22,Salmonella sp,aacC3,antibiotic resistance
Q8Z824,59,0,3,56,0.597,58,Salmonella typhi,macB,antibiotic resistance
P0CI02,6,0,1,5,0.597,5,Coccidioides immitis (strain RS),CIMG_08654,antibiotic resistance
A0A0G2Q9F8,56,0,1,55,0.596,4,Mycobacterium bovis (strain BCG / Pasteur 1173P2),gyrA1,antibiotic resistance
B7LAR8,24,0,2,22,0.596,1,Escherichia coli (strain 55989 / EAEC),arnB,antibiotic resistance
Q89NX6,62,0,1,61,0.596,1,Bradyrhizobium diazoefficiens (strain JCM 10833 / BCRC 13528 / IAM 13628 / NBRC 14792 / USDA 110),macB,antibiotic resistance
P0ACT5,13,0,1,12,0.596,12,Salmonella ordonez,tetR,antibiotic resistance
P0A1V8,16,0,1,15,0.595,5,Salmonella typhimurium,bla,antibiotic resistance
P38969,36,0,1,35,0.594,30,Saccharomyces cerevisiae (strain ATCC 204508 / S288c),PNT1,antibiotic resistance
Q6MX01,3,0,1,2,0.594,1,Mycobacterium tuberculosis (strain ATCC 25618 / H37Rv),whiB7,antibiotic resistance
P37506,3,0,1,2,0.594,3,Bacillus subtilis (strain 168),satA,antibiotic resistance
Q81VC9,12,0,3,9,0.594,8,Bacillus anthracis,uppP1,antibiotic resistance
B7LM75,25,0,1,24,0.594,2,Escherichia fergusonii (strain ATCC 35469 / DSM 13698 / CCUG 18766 / IAM 14443 / JCM 21226 / LMG 7866 / NBRC 102419 / NCTC 12128 / CDC 0568-73),arnD,antibiotic resistance
Q63DZ3,17,0,1,16,0.594,1,Bacillus cereus (strain ZK / E33L),uppP3,antibiotic resistance
B7MXT4,21,0,1,20,0.594,3,Escherichia coli O81 (strain ED1a),arnB,antibiotic resistance
Q8ZQ06,22,0,1,21,0.593,3,Salmonella typhimurium (strain LT2 / SGSC1412 / ATCC 700720),nagZ,antibiotic resistance
Q99VW1,34,0,1,33,0.593,7,Staphylococcus aureus (strain Mu50 / ATCC 700699),graS,antibiotic resistance
A0A0H4TXY1,19,0,2,17,0.593,17,Unknown prokaryotic organism,tet(55),antibiotic resistance
B1KZ37,19,0,1,18,0.592,2,Clostridium botulinum (strain Loch Maree / Type A3),cfr,antibiotic resistance
P0A0B0,45,0,2,43,0.592,41,Staphylococcus aureus (strain N315),mecR1,antibiotic resistance
Q68D91,19,0,1,18,0.592,10,Homo sapiens,MBLAC2,carbapenemase
P31121,4,0,1,3,0.592,2,Escherichia coli (strain K12),marB,antibiotic resistance
P25309,18,0,1,17,0.59,1,Staphylococcus intermedius,cat,antibiotic resistance
P60935,22,0,1,21,0.587,3,Streptococcus pneumoniae (strain ATCC BAA-255 / R6),uppP,antibiotic resistance
Q02R25,47,0,1,46,0.586,8,Pseudomonas aeruginosa (strain UCBPP-PA14),arnA,antibiotic resistance
Q0TFI6,25,0,1,24,0.586,2,Escherichia coli O6:K15:H31 (strain 536 / UPEC),arnD,antibiotic resistance
A9WSJ0,17,0,1,16,0.586,3,Renibacterium salmoninarum (strain ATCC 33209 / DSM 20767 / JCM 11484 / NBRC 15589 / NCIMB 2235),uppP,antibiotic resistance
B3EEG6,25,0,2,23,0.585,10,Chlorobium limicola (strain DSM 245 / NBRC 103803 / 6330),uppP,antibiotic resistance
Q2YSS1,41,0,1,40,0.585,4,Staphylococcus aureus (strain bovine RF122 / ET3-1),graS,antibiotic resistance
P33449,20,0,1,19,0.585,3,Bacillus subtilis (strain 168),bmr,antibiotic resistance
Q8UKE4,58,0,1,57,0.584,16,Agrobacterium fabrum (strain C58 / ATCC 33970),macB,antibiotic resistance
B7MXT7,25,0,1,24,0.584,4,Escherichia coli O81 (strain ED1a),arnD,antibiotic resistance
B5RCC2,26,0,1,25,0.583,2,Salmonella gallinarum (strain 287/91 / NCTC 13346),arnB,antibiotic resistance
Q88M11,13,0,1,12,0.583,1,Pseudomonas putida (strain ATCC 47054 / DSM 6125 / CFBP 8728 / NCIMB 11950 / KT2440),mupP,antibiotic resistance
Q1CIH7,47,0,1,46,0.583,5,Yersinia pestis bv. Antiqua (strain Nepal516),arnA,antibiotic resistance
B7MTI5,34,0,1,33,0.581,13,Escherichia coli O81 (strain ED1a),mdtG,antibiotic resistance
B2RZW9,11,0,1,10,0.58,11,Borrelia hermsii (strain HS1 / DAH),uppP,antibiotic resistance
Q6D2F0,24,0,1,23,0.58,15,Pectobacterium atrosepticum (strain SCRI 1043 / ATCC BAA-672),arnC,antibiotic resistance
A0QSY0,10,0,1,9,0.58,1,Mycolicibacterium smegmatis (strain ATCC 700084 / mc(2)155),mfpA,antibiotic resistance
Q4ZSZ2,53,0,1,52,0.579,1,Pseudomonas syringae pv. syringae (strain B728a),arnA,antibiotic resistance
B9M0D1,15,0,1,14,0.579,15,Geotalea daltonii (strain DSM 22248 / JCM 15807 / FRC-32),uppP,antibiotic resistance
P0C563,10,0,1,9,0.579,2,Mycolicibacterium smegmatis,rpsL,antibiotic resistance
B5FNU0,18,0,2,16,0.579,1,Salmonella dublin (strain CT_02021853),arnD,antibiotic resistance
A7FHH5,19,0,1,18,0.578,14,Yersinia pseudotuberculosis serotype O:1b (strain IP 31758),arnD,antibiotic resistance
B6I9D0,34,0,1,33,0.576,31,Escherichia coli (strain SE11),mdtG,antibiotic resistance
Q5SLX1,16,0,2,14,0.575,10,Thermus thermophilus (strain ATCC 27634 / DSM 579 / HB8),uppP,antibiotic resistance
Q8Z542,25,0,1,24,0.575,4,Salmonella typhi,arnB,antibiotic resistance
A6U137,24,0,2,22,0.574,1,Staphylococcus aureus (strain JH1),rlmN,antibiotic resistance
Q87SL0,22,0,3,19,0.574,2,Vibrio parahaemolyticus serotype O3:K6 (strain RIMD 2210633),uppP,antibiotic resistance
B1IV49,33,0,2,31,0.573,10,Escherichia coli (strain ATCC 8739 / DSM 1576 / NBRC 3972 / NCIMB 8545 / WDCM 00012 / Crooks),mdtG,antibiotic resistance
A4THT4,21,0,1,20,0.573,15,Yersinia pestis (strain Pestoides F),uppP,antibiotic resistance
B1IXT4,26,0,1,25,0.572,1,Escherichia coli (strain ATCC 8739 / DSM 1576 / NBRC 3972 / NCIMB 8545 / WDCM 00012 / Crooks),arnB,antibiotic resistance
P9WJV5,57,0,3,54,0.572,52,Mycobacterium tuberculosis (strain ATCC 25618 / H37Rv),mmpL3,TB resistance
Q9HY63,48,0,1,47,0.572,26,Pseudomonas aeruginosa (strain ATCC 15692 / DSM 22644 / CIP 104116 / JCM 14847 / LMG 12228 / 1C / PRS 101 / PAO1),arnA,antibiotic resistance
A5IQL3,34,0,1,33,0.572,3,Staphylococcus aureus (strain JH9),graS,antibiotic resistance
P94281,56,0,1,55,0.572,47,"Bartonella bacilliformis (strain ATCC 35685 / KC583 / Herrer 020/F12,63)",parE,antibiotic resistance
A6QEZ2,17,0,2,15,0.571,1,Staphylococcus aureus (strain Newman),uppP,antibiotic resistance
A6U483,33,0,1,32,0.571,6,Staphylococcus aureus (strain JH1),tcaA,antibiotic resistance
B2SHN5,20,0,1,19,0.569,2,Xanthomonas oryzae pv. oryzae (strain PXO99A),uppP,antibiotic resistance
P37000,13,0,1,12,0.569,5,Micromonospora griseorubida,myrA,antibiotic resistance
Q02940,18,0,1,17,0.569,10,Burkholderia multivorans (strain ATCC 17616 / 249),penA,antibiotic resistance
B1LC41,16,0,3,13,0.569,16,Thermotoga sp. (strain RQ2),uppP,antibiotic resistance
B6EM11,22,0,1,21,0.569,1,Aliivibrio salmonicida (strain LFI1238),uppP,antibiotic resistance
Q9I5U0,16,0,1,15,0.568,3,Pseudomonas aeruginosa (strain ATCC 15692 / DSM 22644 / CIP 104116 / JCM 14847 / LMG 12228 / 1C / PRS 101 / PAO1),murU,antibiotic resistance
Q99QC1,20,0,1,19,0.568,1,Klebsiella aerogenes,blaCMY-10,antibiotic resistance
Q5WNW9,14,0,2,12,0.568,5,Enterococcus faecalis,bcrR,antibiotic resistance
A7ZZ10,35,0,2,33,0.567,25,Escherichia coli O9:H4 (strain HS),mdtG,antibiotic resistance
Q93PU5,22,0,1,21,0.566,22,Pseudomonas putida (strain DOT-T1E),ttgG,efflux pump
B1YIX1,19,0,1,18,0.566,6,Exiguobacterium sibiricum (strain DSM 17290 / CCUG 55495 / CIP 109462 / JCM 13490 / 255-15),uppP,antibiotic resistance
P25051,22,0,1,21,0.566,22,Enterococcus faecium,vanA,antibiotic resistance
C4ZQX4,22,0,1,21,0.566,14,Escherichia coli (strain K12 / MC4100 / BW2952),uppP,antibiotic resistance
A9R095,31,0,1,30,0.565,2,Yersinia pestis bv. Antiqua (strain Angola),arnB,antibiotic resistance
B4TPI0,20,0,1,19,0.565,1,Salmonella schwarzengrund (strain CVM19633),arnB,antibiotic resistance
O34697,22,0,1,21,0.565,2,Bacillus subtilis (strain 168),bceA,antibiotic resistance
O07293,17,0,1,16,0.564,4,Pseudomonas aeruginosa,bla,antibiotic resistance
A6QEW8,17,0,1,16,0.563,14,Staphylococcus aureus (strain Newman),graR,antibiotic resistance
D0ZHC6,27,0,2,25,0.562,24,Edwardsiella piscicida,mdfA,antibiotic resistance
Q93PD4,5,0,1,4,0.562,1,Yersinia pseudotuberculosis serotype I (strain IP32953),arnF,colistin resistance
P0DM80,43,0,1,42,0.561,1,Salmonella typhimurium (strain LT2 / SGSC1412 / ATCC 700720),phoQ,colistin resistance
B7LZK7,17,0,2,15,0.56,17,Escherichia coli O8 (strain IAI1),uppP,antibiotic resistance
Q9JT70,14,0,1,13,0.56,14,Neisseria meningitidis serogroup A / serotype 4A (strain DSM 15465 / Z2491),folP,other resistance
Q9L7Q4,29,0,1,28,0.56,28,,,
Q47749,15,0,2,13,0.559,1,Enterococcus faecalis (strain ATCC 700802 / V583),vanXB,antibiotic resistance
B1IXT3,23,0,2,21,0.558,23,Escherichia coli (strain ATCC 8739 / DSM 1576 / NBRC 3972 / NCIMB 8545 / WDCM 00012 / Crooks),arnC,antibiotic resistance
P67386,18,0,1,17,0.558,11,Escherichia coli O6:H1 (strain CFT073 / ATCC 700928 / UPEC),uppP,antibiotic resistance
Q31YK4,27,0,1,26,0.558,3,Shigella boydii serotype 4 (strain Sb227),arnB,antibiotic resistance
Q7WYA8,17,0,1,16,0.558,1,Pseudomonas aeruginosa,bla-imp13,antibiotic resistance
P77690,22,0,2,20,0.557,4,Escherichia coli (strain K12),arnB,antibiotic resistance
Q7A3X6,36,0,1,35,0.557,1,Staphylococcus aureus (strain N315),tcaA,antibiotic resistance
A8Z181,16,0,1,15,0.556,15,Staphylococcus aureus (strain USA300 / TCH1516),graR,antibiotic resistance
B8ZLV4,21,0,1,20,0.556,16,Streptococcus pneumoniae (strain ATCC 700669 / Spain 23F-1),uppP,antibiotic resistance
Q57R58,57,0,1,56,0.556,28,Salmonella choleraesuis (strain SC-B67),macB,antibiotic resistance
P08018,37,0,1,36,0.555,36,Saccharomyces cerevisiae (strain ATCC 204508 / S288c),PBS2,antibiotic resistance
Q5PC81,16,0,1,15,0.554,15,Salmonella paratyphi A (strain ATCC 9150 / SARB42),uppP,antibiotic resistance
P40904,30,0,2,28,0.554,20,Colletotrichum gloeosporioides,TUB2,antibiotic resistance
Q98GG1,11,0,1,10,0.554,7,Mesorhizobium japonicum (strain LMG 29417 / CECT 9101 / MAFF 303099),fosX,antibiotic resistance
Q9HV32,16,0,1,15,0.554,6,Pseudomonas aeruginosa (strain ATCC 15692 / DSM 22644 / CIP 104116 / JCM 14847 / LMG 12228 / 1C / PRS 101 / PAO1),pmrA,colistin resistance
Q9S0S3,13,0,2,11,0.554,1,Staphylococcus aureus,drp35,antibiotic resistance
B7NAS9,34,0,1,33,0.553,5,Escherichia coli O17:K52:H18 (strain UMN026 / ExPEC),mdtG,antibiotic resistance
Q3SFG5,17,0,1,16,0.553,2,Thiobacillus denitrificans (strain ATCC 25259 / T1),uppP,antibiotic resistance
Q21XE6,22,0,1,21,0.553,19,Albidiferax ferrireducens (strain ATCC BAA-621 / DSM 15236 / T118),uppP,antibiotic resistance
P05364,17,0,1,16,0.551,1,Enterobacter cloacae,ampC,antibiotic resistance
Q8FIR9,31,0,1,30,0.551,2,Escherichia coli O6:H1 (strain CFT073 / ATCC 700928 / UPEC),mdtG,antibiotic resistance
P06572,23,0,1,22,0.55,2,Staphylococcus epidermidis,ermM,antibiotic resistance
Q48HZ1,43,0,1,42,0.55,2,Pseudomonas savastanoi pv. phaseolicola (strain 1448A / Race 6),arnA,antibiotic resistance
Q65TH4,46,0,1,45,0.549,41,Mannheimia succiniciproducens (strain KCTC 0769BP / MBEL55E),macB,antibiotic resistance
B5E1R8,18,0,1,17,0.548,14,Streptococcus pneumoniae serotype 19F (strain G54),uppP,antibiotic resistance
Q00982,16,0,1,15,0.548,5,Pseudomonas aeruginosa,bla,antibiotic resistance
Q5YWV1,11,0,1,10,0.548,2,Nocardia farcinica (strain IFM 10152),vgb,antibiotic resistance
A1JPN5,52,0,1,51,0.548,9,Yersinia enterocolitica serotype O:8 / biotype 1B (strain NCTC 13174 / 8081),arnA,antibiotic resistance
Q7CP73,28,0,2,26,0.547,14,Salmonella typhimurium (strain LT2 / SGSC1412 / ATCC 700720),mdtM,antibiotic resistance
P14560,19,0,1,18,0.547,1,Streptomyces cacaoi,blaU,antibiotic resistance
Q54001,30,0,1,29,0.547,4,Salmonella enteritidis,tolC,antibiotic resistance
P9WH63,11,0,2,9,0.547,2,Mycobacterium tuberculosis (strain ATCC 25618 / H37Rv),rpsL,antibiotic resistance
Q0ATH6,22,0,2,20,0.546,3,Maricaulis maris (strain MCS10),uppP,antibiotic resistance
P9WMY7,30,0,1,29,0.546,1,Mycobacterium tuberculosis (strain ATCC 25618 / H37Rv),mshA,TB resistance
O05197,46,0,1,45,0.545,20,Prevotella intermedia,tetQ,antibiotic resistance
P39411,13,0,1,12,0.544,1,Escherichia coli (strain K12),yjjX,antibiotic resistance
Q15BH7,6,0,1,5,0.544,6,Morganella morganii,aacA7,antibiotic resistance
B1JJ29,30,0,1,29,0.544,15,Yersinia pseudotuberculosis serotype O:3 (strain YPIII),arnC,antibiotic resistance
P07662,35,0,2,33,0.544,3,Pseudomonas sp. (strain SY-77),Glutaryl-7-amin,antibiotic resistance
P13957,18,0,1,17,0.544,1,Staphylococcus aureus,ermC,antibiotic resistance
P50858,6,0,1,5,0.544,6,Klebsiella aerogenes,aacA7,antibiotic resistance
Q8DR59,39,0,1,38,0.544,17,Streptococcus pneumoniae (strain ATCC BAA-255 / R6),pbpA,antibiotic resistance
Q88IY7,15,0,1,14,0.543,1,Pseudomonas putida (strain ATCC 47054 / DSM 6125 / CFBP 8728 / NCIMB 11950 / KT2440),uppP,antibiotic resistance
Q9RX61,20,0,4,16,0.543,20,Deinococcus radiodurans (strain ATCC 13939 / DSM 20539 / JCM 16871 / CCUG 27074 / LMG 4051 / NBRC 15346 / NCIMB 9279 / VKM B-1422 / R1),uppP,antibiotic resistance
P29809,19,0,1,18,0.543,4,Streptomyces fradiae,aacC8,antibiotic resistance
P0A5I7,14,0,1,13,0.543,5,Mycobacterium bovis (strain ATCC BAA-935 / AF2122/97),blaC,antibiotic resistance
P0A4A6,12,0,1,11,0.542,2,Streptomyces filamentosus,rpsL,antibiotic resistance
Q88SK7,15,0,1,14,0.542,2,Lactiplantibacillus plantarum (strain ATCC BAA-793 / NCIMB 8826 / WCFS1),uppP,antibiotic resistance
C1A8L5,21,0,1,20,0.542,21,Gemmatimonas aurantiaca (strain DSM 14586 / JCM 11422 / NBRC 100505 / T-27),uppP,antibiotic resistance
B5BCP8,26,0,1,25,0.54,1,Salmonella paratyphi A (strain AKU_12601),arnB,antibiotic resistance
A7WZF5,23,0,2,21,0.54,1,Staphylococcus aureus (strain Mu3 / ATCC 700698),uppP,antibiotic resistance
P06875,52,0,1,51,0.54,12,Escherichia coli,pac,antibiotic resistance
P35392,12,0,1,11,0.539,4,Streptomyces fradiae,blaF,antibiotic resistance
Q46896,26,0,1,25,0.539,8,Escherichia coli (strain K12),ygbT,other resistance
P0CX28,7,0,1,6,0.539,6,Saccharomyces cerevisiae (strain ATCC 204508 / S288c),RPL42B,antibiotic resistance
P0DXG8,21,0,1,20,0.539,4,Streptomyces coeruleorubidus,drrA1,antibiotic resistance
Q3MFH9,29,0,5,24,0.539,15,Trichormus variabilis (strain ATCC 29413 / PCC 7937),uppP,antibiotic resistance
B7MG20,24,0,1,23,0.538,2,Escherichia coli O45:K1 (strain S88 / ExPEC),arnB,antibiotic resistance
P0A1V9,17,0,2,15,0.537,7,Escherichia coli,bla,antibiotic resistance
P0A0D2,16,0,1,15,0.537,4,Staphylococcus aureus,ant,antibiotic resistance
P0CX27,6,0,1,5,0.537,4,Saccharomyces cerevisiae (strain ATCC 204508 / S288c),RPL42A,antibiotic resistance
C5BDQ4,30,0,1,29,0.537,3,Edwardsiella ictaluri (strain 93-146),arnB,antibiotic resistance
Q7WLL4,21,0,1,20,0.535,18,Bordetella bronchiseptica (strain ATCC BAA-588 / NCTC 13252 / RB50),uppP,antibiotic resistance
Q5U7L7,15,0,1,14,0.535,2,Escherichia coli,VIM-2,antibiotic resistance
Q31WX8,16,0,2,14,0.534,15,Shigella boydii serotype 4 (strain Sb227),uppP,antibiotic resistance
Q97GR5,44,0,2,42,0.534,6,Clostridium acetobutylicum (strain ATCC 824 / DSM 792 / JCM 1419 / IAM 19013 / LMG 5710 / NBRC 13948 / NRRL B-527 / VKM B-1787 / 2291 / W),pbpA,antibiotic resistance
Q2FEM9,31,0,1,30,0.533,14,Staphylococcus aureus (strain USA300),femX,antibiotic resistance
A1VDC9,19,0,1,18,0.532,7,Nitratidesulfovibrio vulgaris (strain DP4),uppP,antibiotic resistance
P85302,14,0,1,13,0.532,3,Pseudomonas fluorescens,ampC,antibiotic resistance
O87489,20,0,1,19,0.532,3,Pseudomonas aeruginosa,blaVEB-1,antibiotic resistance
P08077,21,0,1,20,0.531,8,Streptomyces griseus,aphD,antibiotic resistance
P23954,16,0,1,15,0.531,1,Klebsiella oxytoca,bla,antibiotic resistance
Q06242,16,0,2,14,0.531,1,Enterococcus faecium,vanZ,antibiotic resistance
P9WI99,30,0,1,29,0.531,30,Mycobacterium tuberculosis (strain ATCC 25618 / H37Rv),Putative,antibiotic resistance
P43791,13,0,1,12,0.53,13,Haemophilus influenzae (strain ATCC 51907 / DSM 11121 / KW20 / Rd),folA,antibiotic resistance
C1CPW6,20,0,1,19,0.529,14,Streptococcus pneumoniae (strain Taiwan19F-14),uppP,antibiotic resistance
P03063,3,0,1,2,0.529,1,Staphylococcus aureus,ermC,antibiotic resistance
Q00983,14,0,1,13,0.529,1,Pseudomonas aeruginosa,lcr1,antibiotic resistance
A1KF14,111,0,2,109,0.529,77,Mycobacterium bovis (strain BCG / Pasteur 1173P2),Multidrug,antibiotic resistance
P75579,13,0,1,12,0.527,6,Mycoplasma pneumoniae (strain ATCC 29342 / M129 / Subtype 1),rplD,antibiotic resistance
Q9I5Q5,16,0,2,14,0.527,2,Pseudomonas aeruginosa (strain ATCC 15692 / DSM 22644 / CIP 104116 / JCM 14847 / LMG 12228 / 1C / PRS 101 / PAO1),anmK,antibiotic resistance
P21233,1,0,1,0,0.527,1,Streptococcus pneumoniae,ermC,antibiotic resistance
P0A0J9,34,0,4,30,0.527,14,Staphylococcus aureus,qacA,antibiotic resistance
Q0TJ20,32,0,1,31,0.527,25,Escherichia coli O6:K15:H31 (strain 536 / UPEC),mdtG,antibiotic resistance
B1IV37,29,0,1,28,0.526,27,Escherichia coli (strain ATCC 8739 / DSM 1576 / NBRC 3972 / NCIMB 8545 / WDCM 00012 / Crooks),mdtH,antibiotic resistance
P0A4L9,44,0,2,42,0.525,16,Streptococcus pneumoniae serotype 4 (strain ATCC BAA-334 / TIGR4),gyrB,antibiotic resistance
Q57146,17,0,1,16,0.525,1,Streptomyces viridochromogenes (strain DSM 40736 / JCM 4977 / BCRC 1201 / Tue 494),pat,antibiotic resistance
Q7A2T0,26,0,1,25,0.524,4,Staphylococcus aureus (strain Mu50 / ATCC 700699),fmtA,antibiotic resistance
Q63GU6,18,0,1,17,0.524,2,Bacillus cereus (strain ZK / E33L),uppP1,antibiotic resistance
Q5M6A1,16,0,1,15,0.524,16,Streptococcus thermophilus (strain ATCC BAA-250 / LMG 18311),uppP,antibiotic resistance
Q2FIV6,21,0,1,20,0.523,21,Staphylococcus aureus (strain USA300),uppP,antibiotic resistance
Q8L1B1,64,0,1,63,0.522,1,Pseudomonas fluorescens,ileS2,antibiotic resistance
P02357,9,0,1,8,0.522,6,Geobacillus stearothermophilus,rpsE,antibiotic resistance
A6TW45,17,0,2,15,0.522,17,Alkaliphilus metalliredigens (strain QYMF),uppP,antibiotic resistance
A0R607,25,0,2,23,0.521,25,Mycolicibacterium smegmatis (strain ATCC 700084 / mc(2)155),dprE1,antibiotic resistance
P74841,13,0,1,12,0.521,8,Salmonella typhimurium,bla,antibiotic resistance
P42333,13,0,1,12,0.52,2,Bacillus licheniformis,bcrB,antibiotic resistance
Q8KNX8,9,0,1,8,0.519,5,Bartonella henselae (strain ATCC 49882 / DSM 28221 / CCUG 30454 / Houston 1),rpsL,antibiotic resistance
Q6FEB4,13,0,1,12,0.519,8,Acinetobacter baylyi (strain ATCC 33305 / BD413 / ADP1),uppP1,antibiotic resistance
P0A256,22,0,1,21,0.518,1,Enterobacter cloacae,aacC3,antibiotic resistance
P0C1U9,55,0,1,54,0.517,20,Staphylococcus aureus,parC,antibiotic resistance
B4ETL5,27,0,1,26,0.516,2,Proteus mirabilis (strain HI4320),arnB,antibiotic resistance
O05701,17,0,1,16,0.516,12,Staphylococcus aureus,folP,antibiotic resistance
Q848S6,14,0,1,13,0.515,6,Klebsiella oxytoca,bla,antibiotic resistance
Q3JTI8,16,0,1,15,0.515,13,Burkholderia pseudomallei (strain 1710b),uppP1,antibiotic resistance
P26839,13,0,1,12,0.514,6,Staphylococcus aureus,vat,antibiotic resistance
B1IRQ9,19,0,1,18,0.514,7,Escherichia coli (strain ATCC 8739 / DSM 1576 / NBRC 3972 / NCIMB 8545 / WDCM 00012 / Crooks),uppP,antibiotic resistance
A6TF98,42,0,2,40,0.513,14,Klebsiella pneumoniae subsp. pneumoniae (strain ATCC 700721 / MGH 78578),arnA,antibiotic resistance
Q399M3,58,0,1,57,0.512,13,Burkholderia lata (strain ATCC 17760 / DSM 23089 / LMG 22485 / NCIMB 9086 / R18194 / 383),macB,antibiotic resistance
P0A2T4,11,0,1,10,0.512,2,Salmonella typhimurium (strain LT2 / SGSC1412 / ATCC 700720),marR,antibiotic resistance
B7UP67,31,0,1,30,0.512,5,Escherichia coli O127:H6 (strain E2348/69 / EPEC),mdtG,antibiotic resistance
Q1B571,9,0,1,8,0.511,2,Mycobacterium sp. (strain MCS),vgb,antibiotic resistance
Q03MN6,17,0,1,16,0.511,17,Streptococcus thermophilus (strain ATCC BAA-491 / LMD-9),uppP,antibiotic resistance
Q7N3Q7,44,0,3,41,0.51,39,Photorhabdus laumondii subsp. laumondii (strain DSM 15139 / CIP 105565 / TT01),arnA,antibiotic resistance
Q2SMN9,53,0,1,52,0.51,14,Hahella chejuensis (strain KCTC 2396),macB,antibiotic resistance
P08149,33,0,1,32,0.51,2,Neisseria gonorrhoeae,penA,antibiotic resistance
A6W915,21,0,1,20,0.509,3,Kineococcus radiotolerans (strain ATCC BAA-149 / DSM 14245 / SRS30216),uppP,antibiotic resistance
Q1QDA8,54,0,2,52,0.509,2,Psychrobacter cryohalolentis (strain ATCC BAA-1226 / DSM 17306 / VKM B-2378 / K5),macB,antibiotic resistance
P39045,24,0,2,22,0.509,4,Actinomadura sp. (strain R39),dac,antibiotic resistance
Q31EL5,16,0,2,14,0.508,3,Hydrogenovibrio crunogenus (strain DSM 25203 / XCL-2),uppP,antibiotic resistance
P02557,32,0,2,30,0.508,2,Saccharomyces cerevisiae (strain ATCC 204508 / S288c),TUB2,antibiotic resistance
P77790,11,0,1,10,0.507,8,Escherichia coli (strain K12),ddpX,glycopeptide resistance
A4TIM4,47,0,1,46,0.507,1,Yersinia pestis (strain Pestoides F),arnA,antibiotic resistance
P67918,15,0,1,14,0.507,11,Haemophilus influenzae,rob1,antibiotic resistance
Q650L9,13,0,1,12,0.506,13,Bacteroides fragilis (strain YCH46),uppP,antibiotic resistance
A8Z182,38,0,2,36,0.506,32,Staphylococcus aureus (strain USA300 / TCH1516),graS,antibiotic resistance
Q2FVZ4,27,0,1,26,0.505,11,Staphylococcus aureus (strain NCTC 8325 / PS 47),femX,antibiotic resistance
P76128,24,0,1,23,0.504,23,Escherichia coli (strain K12),ddpA,glycopeptide resistance
A5HBL2,15,0,1,14,0.504,1,Staphylococcus aureus,cfr,antibiotic resistance
P42971,36,0,2,34,0.503,26,Bacillus subtilis (strain 168),pbpC,antibiotic resistance
Q04J43,36,0,1,35,0.503,33,Streptococcus pneumoniae serotype 2 (strain D39 / NCTC 7466),stkP,beta-lactamase
P75830,25,0,1,24,0.502,25,Escherichia coli (strain K12),macA,antibiotic resistance
P70882,49,0,1,48,0.501,28,Bacteroides fragilis (strain YCH46),tetQ,antibiotic resistance
P64176,24,0,1,23,0.5,24,Escherichia coli O157:H7,macA,antibiotic resistance
P60281,32,0,1,31,0.5,32,Mycolicibacterium smegmatis (strain ATCC 700084 / mc(2)155),rpoB,antibiotic resistance
Q8Z7H2,16,0,1,15,0.5,1,Salmonella typhi,phoP,colistin resistance
Q8XDZ2,28,0,1,27,0.498,4,Escherichia coli O157:H7,arnD,antibiotic resistance
Q5HDJ9,33,0,1,32,0.498,1,Staphylococcus aureus (strain COL),tcaA,antibiotic resistance
Q9RMT4,17,0,1,16,0.498,15,Citrobacter amalonaticus,bla,antibiotic resistance
B7LQD5,17,0,1,16,0.497,13,Escherichia fergusonii (strain ATCC 35469 / DSM 13698 / CCUG 18766 / IAM 14443 / JCM 21226 / LMG 7866 / NBRC 102419 / NCTC 12128 / CDC 0568-73),uppP,antibiotic resistance
P0A214,5,0,1,4,0.497,1,Salmonella typhimurium (strain LT2 / SGSC1412 / ATCC 700720),marB,antibiotic resistance
P53373,26,0,1,25,0.497,1,Botryotinia fuckeliana,tubA,antibiotic resistance
P52664,17,0,1,16,0.496,7,Proteus vulgaris,blaB,antibiotic resistance
O53504,12,0,1,11,0.496,1,Mycobacterium tuberculosis (strain ATCC 25618 / H37Rv),GCN5-like,antibiotic resistance
A8FRR3,30,0,2,28,0.496,28,Shewanella sediminis (strain HAW-EB3),arnC,antibiotic resistance
Q06778,14,0,1,13,0.496,6,Pseudomonas aeruginosa,bla,antibiotic resistance
P31866,6,0,1,5,0.496,3,Meyerozyma guilliermondii (strain ATCC 6260 / CBS 566 / DSM 6381 / JCM 1539 / NBRC 10279 / NRRL Y-324),RPL44,antibiotic resistance
P21861,5,0,1,4,0.496,1,Streptomyces coelicolor (strain ATCC BAA-471 / A3(2) / M145),bar,antibiotic resistance
B1MB15,37,0,1,36,0.495,16,Mycobacteroides abscessus (strain ATCC 19977 / DSM 44196 / CCUG 20993 / CIP 104536 / JCM 13569 / NCTC 13031 / TMC 1543 / L948),Antibiotic,antibiotic resistance
Q9KIG4,44,0,1,43,0.495,8,Streptomyces toyocaensis,spk1,beta-lactamase
B2U1G1,18,0,1,17,0.495,11,Shigella boydii serotype 18 (strain CDC 3083-94 / BS512),uppP,antibiotic resistance
P51562,11,0,1,10,0.493,11,Photobacterium damsela subsp. piscicida,tetR,antibiotic resistance
Q07868,43,0,2,41,0.493,30,Bacillus subtilis (strain 168),pbpB,antibiotic resistance
Q2FIY0,17,0,1,16,0.492,17,Staphylococcus aureus (strain USA300),graR,antibiotic resistance
P06135,15,0,1,14,0.492,1,Staphylococcus aureus,cat,antibiotic resistance
A7ZRT8,20,0,1,19,0.491,13,Escherichia coli O139:H28 (strain E24377A / ETEC),uppP,antibiotic resistance
Q8G0Y6,31,0,1,30,0.49,1,Brucella suis biovar 1 (strain 1330),bepC,antibiotic resistance
Q8G2M7,29,0,1,28,0.489,16,Brucella suis biovar 1 (strain 1330),bepD,antibiotic resistance
O50608,29,0,1,28,0.488,28,Staphylococcus aureus,fmtA,antibiotic resistance
Q2YSS2,17,0,1,16,0.488,16,Staphylococcus aureus (strain bovine RF122 / ET3-1),graR,antibiotic resistance
Q0TRA5,23,0,1,22,0.488,1,Clostridium perfringens (strain ATCC 13124 / DSM 756 / JCM 1290 / NCIMB 6125 / NCTC 8237 / Type A),uppP,antibiotic resistance
Q7VXA0,21,0,1,20,0.488,21,Bordetella pertussis (strain Tohama I / ATCC BAA-589 / NCTC 13251),uppP,antibiotic resistance
Q92AV8,7,0,1,6,0.487,4,Listeria innocua serovar 6a (strain ATCC BAA-680 / CLIP 11262),fosX,antibiotic resistance
B9EA92,16,0,1,15,0.487,15,Macrococcus caseolyticus (strain JCSC5402),uppP,antibiotic resistance
P67387,19,0,1,18,0.486,14,Shigella flexneri,uppP,antibiotic resistance
Q8DPV9,28,0,1,27,0.485,25,Streptococcus pneumoniae (strain ATCC BAA-255 / R6),cpoA,antibiotic resistance
A7WZC5,34,0,1,33,0.485,31,Staphylococcus aureus (strain Mu3 / ATCC 700698),graS,antibiotic resistance
P9WFV3,71,0,1,70,0.485,2,Mycobacterium tuberculosis (strain ATCC 25618 / H37Rv),ileS,antibiotic resistance
C7C422,18,0,1,17,0.484,5,Klebsiella pneumoniae,blaNDM-1,antibiotic resistance
A6TFA0,21,0,1,20,0.483,3,Klebsiella pneumoniae subsp. pneumoniae (strain ATCC 700721 / MGH 78578),arnB,antibiotic resistance
P27075,7,0,1,6,0.483,6,Candida tropicalis,RPL44,antibiotic resistance
Q8ZI65,17,0,1,16,0.481,17,Yersinia pestis,uppP,antibiotic resistance
P11545,37,0,1,36,0.48,37,Streptomyces coelicolor (strain ATCC BAA-471 / A3(2) / M145),mmr,antibiotic resistance
Q9EZQ7,15,0,1,14,0.479,3,Nocardia asteroides,bla,antibiotic resistance
P0DM78,19,0,1,18,0.479,1,Salmonella typhimurium (strain LT2 / SGSC1412 / ATCC 700720),phoP,colistin resistance
Q4L2Y9,11,0,1,10,0.479,1,Staphylococcus haemolyticus (strain JCSC1435),fosB,antibiotic resistance
B4TVT9,19,0,1,18,0.477,15,Salmonella schwarzengrund (strain CVM19633),uppP,antibiotic resistance
A0QUE0,29,0,1,28,0.477,9,,,
B1JJ30,49,0,1,48,0.477,5,Yersinia pseudotuberculosis serotype O:3 (strain YPIII),arnA,antibiotic resistance
A8YZV4,19,0,1,18,0.476,1,Staphylococcus aureus (strain USA300 / TCH1516),uppP,antibiotic resistance
Q54277,9,0,1,8,0.475,2,Staphylococcus haemolyticus,dfrD,antibiotic resistance
P20831,53,0,1,52,0.474,3,Staphylococcus aureus,gyrA,antibiotic resistance
Q5HG20,26,0,1,25,0.472,4,Staphylococcus aureus (strain COL),lysA,antibiotic resistance
P24735,24,0,1,23,0.472,10,Pseudomonas aeruginosa (strain ATCC 15692 / DSM 22644 / CIP 104116 / JCM 14847 / LMG 12228 / 1C / PRS 101 / PAO1),ampC,antibiotic resistance
P0A6N3,21,0,1,20,0.472,1,Escherichia coli O157:H7,tufA,antibiotic resistance
Q03986,21,0,1,20,0.471,1,Bacillus licheniformis,ermD,antibiotic resistance
Q05053,31,0,1,30,0.471,8,Pseudomonas sp. (strain V22),acyI,antibiotic resistance
Q1C742,48,0,1,47,0.47,20,Yersinia pestis bv. Antiqua (strain Antiqua),arnA,antibiotic resistance
P17293,7,0,1,6,0.469,1,Thermus thermophilus,rpsL,antibiotic resistance
P9WKD3,11,0,1,10,0.469,4,Mycobacterium tuberculosis (strain ATCC 25618 / H37Rv),blaC,antibiotic resistance
Q99XG5,56,0,1,55,0.468,7,Staphylococcus aureus (strain N315),gyrA,antibiotic resistance
P0ACT4,13,0,2,11,0.468,12,Escherichia coli,tetR,antibiotic resistance
A0QTT1,7,0,1,6,0.468,7,Mycolicibacterium smegmatis (strain ATCC 700084 / mc(2)155),whiB7,antibiotic resistance
P50870,13,0,2,11,0.467,6,Enterococcus faecium,vatD,antibiotic resistance
C4ZU95,24,0,1,23,0.466,2,Escherichia coli (strain K12 / MC4100 / BW2952),arnB,antibiotic resistance
Q5HGL4,21,0,1,20,0.466,5,Staphylococcus aureus (strain COL),rlmN,antibiotic resistance
Q45726,17,0,1,16,0.466,5,Bacillus thuringiensis,bla,antibiotic resistance
B8FX50,21,0,1,20,0.466,21,Desulfitobacterium hafniense (strain DSM 10664 / DCB-2),uppP,antibiotic resistance
P0A0X5,10,0,2,8,0.465,1,Helicobacter pylori (strain J99 / ATCC 700824),rpsL,antibiotic resistance
P80545,11,0,2,9,0.465,4,Serratia fonticola,Beta-lactamase,antibiotic resistance
P0A0D0,17,0,1,16,0.465,8,Staphylococcus aureus (strain Mu50 / ATCC 700699),ant1,antibiotic resistance
Q63V58,19,0,1,18,0.465,16,Burkholderia pseudomallei (strain K96243),uppP1,antibiotic resistance
H9L484,4,0,1,3,0.464,2,Salmonella typhimurium (strain LT2 / SGSC1412 / ATCC 700720),ramA,efflux pump
P62464,19,0,1,18,0.463,5,Nitratidesulfovibrio vulgaris (strain ATCC 29579 / DSM 644 / CCUG 34227 / NCIMB 8303 / VKM B-1760 / Hildenborough),uppP,antibiotic resistance
P25744,31,0,1,30,0.462,22,Escherichia coli (strain K12),mdtG,antibiotic resistance
P9WQG9,10,0,1,9,0.461,2,Mycobacterium tuberculosis (strain ATCC 25618 / H37Rv),aac,antibiotic resistance
Q5HKJ6,13,0,1,12,0.461,10,Staphylococcus epidermidis (strain ATCC 35984 / DSM 28319 / BCRC 17069 / CCUG 31568 / BM 3577 / RP62A),fosB,antibiotic resistance
Q1MW86,16,0,1,15,0.46,16,Streptomyces noursei,sttH,antibiotic resistance
Q9K303,13,0,1,12,0.46,10,Elizabethkingia meningoseptica,blaB3,antibiotic resistance
B4SRU3,17,0,1,16,0.459,2,Stenotrophomonas maltophilia (strain R551-3),uppP,antibiotic resistance
P60863,14,0,1,13,0.459,9,Staphylococcus aureus (strain Mu50 / ATCC 700699),fosB,antibiotic resistance
P25256,46,0,1,45,0.458,7,Streptomyces fradiae,tlrC,antibiotic resistance
Q9HTC0,20,0,2,18,0.458,19,Pseudomonas aeruginosa (strain ATCC 15692 / DSM 22644 / CIP 104116 / JCM 14847 / LMG 12228 / 1C / PRS 101 / PAO1),wbpZ,antibiotic resistance
A0A1C3NEV1,30,0,1,29,0.457,4,Escherichia coli,mcr2,antibiotic resistance
Q73V87,6,0,1,5,0.457,4,Mycolicibacterium paratuberculosis (strain ATCC BAA-968 / K-10),mmr,antibiotic resistance
P36556,12,0,1,11,0.456,2,Salmonella typhimurium (strain LT2 / SGSC1412 / ATCC 700720),basR,antibiotic resistance
P75806,13,0,1,12,0.455,2,Escherichia coli (strain K12),ybjG,antibiotic resistance
Q9AHN9,13,0,1,12,0.455,11,Klebsiella pneumoniae,bla,antibiotic resistance
P20083,54,0,1,53,0.454,8,Escherichia coli (strain K12),parE,antibiotic resistance
O86311,20,0,1,19,0.454,16,Mycobacterium tuberculosis (strain ATCC 25618 / H37Rv),Multidrug,antibiotic resistance
Q59397,9,0,1,8,0.452,9,Escherichia coli,dhfrIX,antibiotic resistance
B1X9G6,31,0,1,30,0.451,5,Escherichia coli (strain K12 / DH10B),mdtG,antibiotic resistance
P47235,65,0,1,64,0.451,26,Campylobacter fetus,gyrA,antibiotic resistance
Q9L637,84,0,1,83,0.451,57,Amycolatopsis mediterranei (strain S699),rpoB,rifampicin resistance
Q5PGK9,55,0,1,54,0.451,17,Salmonella paratyphi A (strain ATCC 9150 / SARB42),macB,antibiotic resistance
Q932F1,19,0,1,18,0.451,5,Staphylococcus aureus (strain Mu50 / ATCC 700699),graR,antibiotic resistance
Q7A5R3,26,0,1,25,0.451,25,Staphylococcus aureus (strain N315),femA,antibiotic resistance
P41368,63,0,1,62,0.45,53,Staphylococcus aureus,ileS,antibiotic resistance
P60933,14,0,1,13,0.45,7,Escherichia coli O157:H7,uppP,antibiotic resistance
B4TI56,17,0,1,16,0.45,15,Salmonella heidelberg (strain SL476),uppP,antibiotic resistance
P24180,25,0,1,24,0.449,9,Escherichia coli (strain K12),acrE,efflux pump
Q5HHY5,23,0,1,22,0.449,1,Staphylococcus aureus (strain COL),uppP,antibiotic resistance
Q5PNA7,19,0,1,18,0.448,6,Salmonella paratyphi A (strain ATCC 9150 / SARB42),arnD,antibiotic resistance
B7NJS0,18,0,1,17,0.448,14,Escherichia coli O7:K1 (strain IAI39 / ExPEC),uppP,antibiotic resistance
P77622,22,0,2,20,0.448,6,Escherichia coli (strain K12),ddpF,glycopeptide resistance
Q9R976,15,0,1,14,0.446,7,Pseudomonas aeruginosa,bla,antibiotic resistance
P94958,20,0,1,19,0.446,6,Morganella morganii,ampC,antibiotic resistance
A7FE74,19,0,1,18,0.446,19,Yersinia pseudotuberculosis serotype O:1b (strain IP 31758),uppP,antibiotic resistance
P16873,26,0,1,25,0.444,5,Neisseria flavescens,penA,antibiotic resistance
A9R7E0,18,0,2,16,0.444,18,Yersinia pestis bv. Antiqua (strain Angola),uppP,antibiotic resistance
P25919,12,0,1,11,0.444,2,Saccharopolyspora hirsuta,kamC,antibiotic resistance
Q4L481,12,0,1,11,0.442,6,Staphylococcus haemolyticus (strain JCSC1435),graR,antibiotic resistance
A9VRT9,10,0,1,9,0.442,4,Bacillus mycoides (strain KBAB4),fosB,antibiotic resistance
A0KMJ3,51,0,1,50,0.442,3,Aeromonas hydrophila subsp. hydrophila (strain ATCC 7966 / DSM 30187 / BCRC 13018 / CCUG 14551 / JCM 1027 / KCTC 2358 / NCIMB 9240 / NCTC 8049),macB2,antibiotic resistance
A8GJU8,23,0,1,22,0.441,11,Serratia proteamaculans (strain 568),uppP,antibiotic resistance
P02918,60,0,1,59,0.441,17,Escherichia coli (strain K12),mrcA,antibiotic resistance
P10424,21,0,1,20,0.441,21,Bacillus cereus,penPC,antibiotic resistance
C6DAW5,46,0,1,45,0.44,29,Pectobacterium carotovorum subsp. carotovorum (strain PC1),arnA,antibiotic resistance
C1CCM1,16,0,1,15,0.439,2,Streptococcus pneumoniae (strain JJA),uppP,antibiotic resistance
A0A0H3JPC6,35,0,1,34,0.438,29,Staphylococcus aureus (strain Mu50 / ATCC 700699),tarS,antibiotic resistance
Q7N3Q5,25,0,1,24,0.438,1,Photorhabdus laumondii subsp. laumondii (strain DSM 15139 / CIP 105565 / TT01),arnB,antibiotic resistance
P57696,17,0,1,16,0.438,14,Neisseria meningitidis serogroup C,folP,other resistance
P10509,17,0,1,16,0.438,16,Kitasatospora aureofaciens,bla,antibiotic resistance
Q9K2Y1,29,0,1,28,0.437,1,Vibrio cholerae serotype O1 (strain ATCC 39315 / El Tor Inaba N16961),tolC,antibiotic resistance
P52699,10,0,1,9,0.436,9,Serratia marcescens,Metallo-beta-la,antibiotic resistance
P67391,24,0,1,23,0.435,24,Staphylococcus aureus (strain N315),uppP,antibiotic resistance
Q8Y6I2,7,0,1,6,0.435,6,Listeria monocytogenes serovar 1/2a (strain ATCC BAA-679 / EGD-e),fosX,antibiotic resistance
Q8ZPX9,11,0,1,10,0.434,9,Salmonella typhimurium (strain LT2 / SGSC1412 / ATCC 700720),aadA,antibiotic resistance
Q2YSP8,23,0,1,22,0.433,1,Staphylococcus aureus (strain bovine RF122 / ET3-1),uppP,antibiotic resistance
Q99RS0,35,0,1,34,0.431,2,Staphylococcus aureus (strain Mu50 / ATCC 700699),tcaA,antibiotic resistance
Q59517,10,0,1,9,0.43,2,Mycolicibacterium fortuitum,blaF,antibiotic resistance
A4IJS3,21,0,1,20,0.43,18,Geobacillus thermodenitrificans (strain NG80-2),uppP,antibiotic resistance
Q9L7Q5,24,0,1,23,0.429,22,,,
A8FRR4,31,0,1,30,0.429,1,Shewanella sediminis (strain HAW-EB3),arnB,antibiotic resistance
Q6GBE7,18,0,2,16,0.429,17,Staphylococcus aureus (strain MSSA476),uppP,antibiotic resistance
P35393,13,0,1,12,0.428,4,Streptomyces lavendulae,Beta-lactamase,antibiotic resistance
O66874,54,0,1,53,0.428,44,Aquifex aeolicus (strain VF5),mrcA,antibiotic resistance
P49213,10,0,1,9,0.427,10,Chlamydomonas reinhardtii,RPL44,antibiotic resistance
Q9F663,17,0,1,16,0.427,9,Klebsiella pneumoniae,KPC-2,antibiotic resistance
A0PZT1,50,0,1,49,0.427,18,Clostridium novyi (strain NT),pbpA,antibiotic resistance
Q0TD49,17,0,1,16,0.427,15,Escherichia coli O6:K15:H31 (strain 536 / UPEC),uppP,antibiotic resistance
Q83KF5,45,0,1,44,0.427,30,Shigella flexneri,mdtQ,antibiotic resistance
A5IVD7,36,0,1,35,0.426,17,Staphylococcus aureus (strain JH9),tcaA,antibiotic resistance
B6I428,18,0,1,17,0.426,12,Escherichia coli (strain SE11),uppP,antibiotic resistance
O84955,16,0,1,15,0.426,3,Pseudomonas aeruginosa,bla,antibiotic resistance
B7ND46,19,0,1,18,0.426,12,Escherichia coli O17:K52:H18 (strain UMN026 / ExPEC),uppP,antibiotic resistance
P75575,9,0,1,8,0.426,1,Mycoplasma pneumoniae (strain ATCC 29342 / M129 / Subtype 1),rplV,antibiotic resistance
B5FHU0,18,0,1,17,0.425,17,Salmonella dublin (strain CT_02021853),uppP,antibiotic resistance
P21337,19,0,1,18,0.424,18,Escherichia coli,tetR,antibiotic resistance
B5FNT7,28,0,1,27,0.424,1,Salmonella dublin (strain CT_02021853),arnB,antibiotic resistance
P27074,7,0,1,6,0.424,6,Candida maltosa,RIM-C,antibiotic resistance
Q5WNX0,22,0,1,21,0.423,1,Enterococcus faecalis,bcrA,antibiotic resistance
B7LGZ1,19,0,1,18,0.423,12,Escherichia coli (strain 55989 / EAEC),uppP,antibiotic resistance
P24228,26,0,1,25,0.423,4,Escherichia coli (strain K12),dacB,antibiotic resistance
Q4FU75,53,0,1,52,0.422,30,Psychrobacter arcticus (strain DSM 17307 / VKM B-2377 / 273-4),macB,antibiotic resistance
Q62ZD8,11,0,1,10,0.422,2,Bacillus licheniformis (strain ATCC 14580 / DSM 13 / JCM 2505 / CCUG 7422 / NBRC 12200 / NCIMB 9375 / NCTC 10341 / NRRL NRS-1264 / Gibson 46),vgb,antibiotic resistance
P67388,18,0,1,17,0.422,14,Salmonella typhimurium (strain LT2 / SGSC1412 / ATCC 700720),uppP,antibiotic resistance
O24968,19,0,1,18,0.421,3,Helicobacter pylori (strain ATCC 700392 / 26695),hcpD,antibiotic resistance
Q5WE80,16,0,1,15,0.421,4,Shouchella clausii (strain KSM-K16),fosB,antibiotic resistance
P04174,6,0,1,5,0.421,1,Neisseria gonorrhoeae,folA,antibiotic resistance
B2TW38,37,0,1,36,0.421,2,Shigella boydii serotype 18 (strain CDC 3083-94 / BS512),arnA,antibiotic resistance
Q47810,50,0,1,49,0.42,42,Enterococcus faecalis,tetM,antibiotic resistance
A4SQW8,29,0,2,27,0.42,21,Aeromonas salmonicida (strain A449),arnC,antibiotic resistance
Q8NVA9,34,0,1,33,0.419,18,Staphylococcus aureus (strain MW2),femX,antibiotic resistance
P00811,22,0,1,21,0.419,1,Escherichia coli (strain K12),ampC,antibiotic resistance
Q06316,21,0,1,20,0.418,18,Amycolatopsis lactamdurans,bla,antibiotic resistance
P35804,8,0,1,7,0.418,2,,,
P9WPS1,5,0,1,4,0.418,5,Mycobacterium tuberculosis (strain ATCC 25618 / H37Rv),atpE,TB resistance
P0AC13,21,0,1,20,0.417,12,Escherichia coli (strain K12),folP,other resistance
P72525,21,0,1,20,0.416,12,,,
B4T675,21,0,1,20,0.415,15,Salmonella newport (strain SL254),uppP,antibiotic resistance
Q5YXD6,12,0,1,11,0.415,1,Nocardia farcinica (strain IFM 10152),bla,antibiotic resistance
Q83P87,38,0,1,37,0.415,22,Shigella flexneri,mdtP,antibiotic resistance
P0C077,8,0,1,7,0.415,4,Escherichia coli (strain K12),relE,antibiotic resistance
P9WMF1,9,0,1,8,0.414,8,Mycobacterium tuberculosis (strain ATCC 25618 / H37Rv),MTCY31.08,antibiotic resistance
Q3YXI5,18,0,1,17,0.413,12,Shigella sonnei (strain Ss046),uppP,antibiotic resistance
A6TZD6,16,0,1,15,0.411,8,Staphylococcus aureus (strain JH1),graR,antibiotic resistance
Q7A1L2,13,0,1,12,0.41,5,Staphylococcus aureus (strain MW2),graR,antibiotic resistance
Q9PGD4,51,0,1,50,0.41,14,Xylella fastidiosa (strain 9a5c),mrcA,antibiotic resistance
P67919,16,0,1,15,0.408,1,Mannheimia haemolytica,rob1,antibiotic resistance
Q8X659,40,0,1,39,0.408,31,Escherichia coli O157:H7,mdtQ,antibiotic resistance
P9WH62,11,0,1,10,0.408,2,Mycobacterium tuberculosis (strain CDC 1551 / Oshkosh),rpsL,antibiotic resistance
P26918,13,0,1,12,0.407,5,Aeromonas hydrophila,cphA,antibiotic resistance
P80298,18,0,1,17,0.406,6,Proteus vulgaris,Beta-lactamase,antibiotic resistance
C5CGT6,14,0,1,13,0.406,5,Kosmotoga olearia (strain ATCC BAA-1733 / DSM 21960 / TBF 19.5.1),uppP,antibiotic resistance
Q51574,15,0,1,14,0.405,7,Pseudomonas aeruginosa,bla,antibiotic resistance
A1T6B0,15,0,1,14,0.404,13,Mycolicibacterium vanbaalenii (strain DSM 7251 / JCM 13017 / BCRC 16820 / KCTC 9966 / NRRL B-24157 / PYR-1),vgb,antibiotic resistance
A1AFX9,14,0,1,13,0.403,14,Escherichia coli O1:K1 / APEC,uppP,antibiotic resistance
P28018,15,0,1,14,0.403,5,Bacillus mycoides,blaCI,antibiotic resistance
A7X5T8,14,0,1,13,0.402,6,Staphylococcus aureus (strain Mu3 / ATCC 700698),fosB,antibiotic resistance
Q7CJG3,62,0,1,61,0.402,28,Yersinia pestis,macB2,antibiotic resistance
P71420,24,0,1,23,0.402,21,Klebsiella pneumoniae,blaCMY-1,antibiotic resistance
Q06239,14,0,1,13,0.402,1,Enterococcus faecium,vanR,antibiotic resistance
B5BG16,16,0,1,15,0.402,12,Salmonella paratyphi A (strain AKU_12601),uppP,antibiotic resistance
P20174,51,0,1,50,0.402,50,Streptococcus mutans,tetO,antibiotic resistance
P9WJ63,15,0,1,14,0.4,1,Mycobacterium tuberculosis (strain ATCC 25618 / H37Rv),tlyA,TB resistance
P17585,25,0,0,25,0.399,14,Bacillus subtilis (strain 168),aadK,aminoglycoside resistance
P36883,12,0,0,12,0.397,4,Staphylococcus aureus,Chloramphenicol,antibiotic resistance
Q7A6A2,28,0,0,28,0.397,28,Staphylococcus aureus (strain N315),fmtA,antibiotic resistance
Q9KWV5,26,0,0,26,0.397,7,Pseudomonas putida (strain DOT-T1E),ttgD,efflux pump
P0A2S6,8,0,0,8,0.397,1,Salmonella enteritidis,marA,antibiotic resistance
C6DAW7,25,0,0,25,0.397,1,Pectobacterium carotovorum subsp. carotovorum (strain PC1),arnB,antibiotic resistance
C1C5J2,18,0,0,18,0.397,8,Streptococcus pneumoniae (strain 70585),uppP,antibiotic resistance
P33229,1,0,0,1,0.396,1,Escherichia coli (strain K12),ralR,antibiotic resistance
Q9KHL7,64,0,0,64,0.396,26,Enterococcus faecalis,vanTG,antibiotic resistance
B0SSI2,8,0,0,8,0.393,3,Leptospira biflexa serovar Patoc (strain Patoc 1 / ATCC 23582 / Paris),rpsL,antibiotic resistance
P14559,20,0,0,20,0.392,2,Streptomyces albus G,Beta-lactamase,antibiotic resistance
P39793,48,0,0,48,0.391,45,Bacillus subtilis (strain 168),ponA,antibiotic resistance
Q5MK06,50,0,0,50,0.389,1,Neisseria gonorrhoeae,macB,antibiotic resistance
B1I2Y8,17,0,0,17,0.389,15,Desulforudis audaxviator (strain MP104C),uppP,antibiotic resistance
P27303,27,0,0,27,0.389,25,Escherichia coli (strain K12),emrA,antibiotic resistance
Q9KU37,19,0,0,19,0.388,2,Vibrio cholerae serotype O1 (strain ATCC 39315 / El Tor Inaba N16961),nagZ,antibiotic resistance
P05192,10,0,0,10,0.388,2,Klebsiella pneumoniae,Beta-lactamase,antibiotic resistance
Q88QT3,17,0,0,17,0.388,2,Pseudomonas putida (strain ATCC 47054 / DSM 6125 / CFBP 8728 / NCIMB 11950 / KT2440),amgK,antibiotic resistance
Q9KNU5,63,0,0,63,0.387,39,Vibrio cholerae serotype O1 (strain ATCC 39315 / El Tor Inaba N16961),mrcA,antibiotic resistance
P0A3M4,16,0,0,16,0.386,6,Klebsiella aerogenes,bla,antibiotic resistance
A5U493,11,0,0,11,0.385,4,Mycobacterium tuberculosis (strain ATCC 25177 / H37Ra),blaC,antibiotic resistance
P9WGY8,84,0,0,84,0.384,12,Mycobacterium tuberculosis (strain CDC 1551 / Oshkosh),rpoB,antibiotic resistance
Q8X4L0,23,0,0,23,0.384,3,Escherichia coli O157:H7,mdtE,antibiotic resistance
P21472,8,0,0,8,0.384,6,Bacillus subtilis (strain 168),rpsL,antibiotic resistance
P67920,16,0,0,16,0.384,2,Actinobacillus pleuropneumoniae,rob1,antibiotic resistance
Q52360,48,0,0,48,0.384,29,Xylanibacter ruminicola,tetQ,antibiotic resistance
Q48HZ0,16,0,0,16,0.383,16,Pseudomonas savastanoi pv. phaseolicola (strain 1448A / Race 6),arnD,antibiotic resistance
Q8CQ37,20,0,0,20,0.383,20,Staphylococcus epidermidis (strain ATCC 12228 / FDA PCI 1200),graR,antibiotic resistance
P00809,17,0,0,17,0.383,1,Bacillus cereus,blaY,antibiotic resistance
B1XTA2,15,0,0,15,0.382,6,Polynucleobacter necessarius subsp. necessarius (strain STIR1),uppP,antibiotic resistance
P0A0X4,10,0,0,10,0.381,1,Helicobacter pylori (strain ATCC 700392 / 26695),rpsL,antibiotic resistance
A3Q393,11,0,0,11,0.381,5,Mycobacterium sp. (strain JLS),vgb,antibiotic resistance
P62594,12,0,0,12,0.381,3,Salmonella typhi,bla,antibiotic resistance
P14501,42,0,0,42,0.379,41,Streptomyces cyanogenus,Neomycin,antibiotic resistance
Q47066,20,0,0,20,0.379,8,Escherichia coli,bla,antibiotic resistance
B1LIV8,32,0,0,32,0.379,4,Escherichia coli (strain SMS-3-5 / SECEC),mdtG,antibiotic resistance
Q8XFG0,32,0,0,32,0.379,1,Salmonella typhi,mdtM,antibiotic resistance
P9WMF0,7,0,0,7,0.378,6,Mycobacterium tuberculosis (strain CDC 1551 / Oshkosh),HTH-type,antibiotic resistance
Q9I4F9,19,0,0,19,0.378,7,Pseudomonas aeruginosa (strain ATCC 15692 / DSM 22644 / CIP 104116 / JCM 14847 / LMG 12228 / 1C / PRS 101 / PAO1),phoP,colistin resistance
P0C0C1,10,0,0,10,0.378,6,,,
Q1R6S4,15,0,0,15,0.378,15,Escherichia coli (strain UTI89 / UPEC),uppP,antibiotic resistance
P45460,25,0,0,25,0.373,2,Yersinia enterocolitica,ampC,antibiotic resistance
Q9K619,19,0,0,19,0.372,3,Halalkalibacterium halodurans (strain ATCC BAA-125 / DSM 18197 / FERM 7344 / JCM 9153 / C-125),bceA,antibiotic resistance
Q56415,10,0,0,10,0.371,9,Serratia marcescens,fosA,antibiotic resistance
E1WFA1,12,0,0,12,0.371,1,Salmonella typhimurium (strain SL1344),phoP,colistin resistance
Q60B18,23,0,0,23,0.37,23,Methylococcus capsulatus (strain ATCC 33009 / NCIMB 11132 / Bath),uppP,antibiotic resistance
P71486,69,0,0,69,0.37,8,Mycobacterium avium,embB,antibiotic resistance
Q2NSZ1,50,0,0,50,0.369,5,Sodalis glossinidius (strain morsitans),macB,antibiotic resistance
Q00937,45,0,0,45,0.369,2,Bacteroides thetaiotaomicron,tetQ,antibiotic resistance
P0A7W1,10,0,0,10,0.369,4,Escherichia coli (strain K12),rpsE,antibiotic resistance
A6U458,14,0,0,14,0.369,1,Staphylococcus aureus (strain JH1),fosB,antibiotic resistance
P0A4A5,8,0,0,8,0.369,5,Streptomyces lividans,rpsL,antibiotic resistance
Q51487,34,0,0,34,0.367,3,Pseudomonas aeruginosa (strain ATCC 15692 / DSM 22644 / CIP 104116 / JCM 14847 / LMG 12228 / 1C / PRS 101 / PAO1),oprM,antibiotic resistance
Q9FB58,21,0,0,21,0.366,21,Corynebacterium striatum,uppP,antibiotic resistance
Q28VU8,16,0,0,16,0.366,16,Jannaschia sp. (strain CCS1),uppP,antibiotic resistance
B7N061,20,0,0,20,0.366,13,Escherichia coli O81 (strain ED1a),uppP,antibiotic resistance
P9WI72,47,0,0,47,0.366,33,Mycobacterium tuberculosis (strain CDC 1551 / Oshkosh),pknG,antibiotic resistance
Q4ZSZ4,26,0,0,26,0.363,7,Pseudomonas syringae pv. syringae (strain B728a),arnB,antibiotic resistance
P0A6N2,22,0,0,22,0.363,2,Escherichia coli O6:H1 (strain CFT073 / ATCC 700928 / UPEC),tufA,antibiotic resistance
P0A0D1,16,0,0,16,0.363,11,Staphylococcus aureus (strain N315),ant1,antibiotic resistance
P60723,15,0,0,15,0.363,2,Escherichia coli (strain K12),rplD,antibiotic resistance
P18644,17,0,0,17,0.361,8,Streptomyces azureus,tsnR,antibiotic resistance
P37590,6,0,0,6,0.361,1,Escherichia coli (strain K12),pmrD,antibiotic resistance
A6TZG1,21,0,0,21,0.36,16,Staphylococcus aureus (strain JH1),uppP,antibiotic resistance
D3HKY4,25,0,0,25,0.36,2,Legionella longbeachae serogroup 1 (strain NSW150),tet(56),antibiotic resistance
P13267,118,0,0,118,0.36,58,Bacillus subtilis (strain 168),polC,antibiotic resistance
Q8X5R9,39,0,0,39,0.359,8,Escherichia coli O157:H7,mdtP,antibiotic resistance
P96465,11,0,0,11,0.358,9,Stenotrophomonas maltophilia,Beta-lactamase,antibiotic resistance
P0AD64,11,0,0,11,0.358,4,Klebsiella pneumoniae,bla,antibiotic resistance
Q898B8,16,0,0,16,0.357,16,Clostridium tetani (strain Massachusetts / E88),uppP,antibiotic resistance
Q8Z539,19,0,0,19,0.355,17,Salmonella typhi,arnD,antibiotic resistance
Q5HI08,33,0,0,33,0.355,33,Staphylococcus aureus (strain COL),graS,antibiotic resistance
Q2FEG3,14,0,0,14,0.354,7,Staphylococcus aureus (strain USA300),fosB,antibiotic resistance
P32714,36,0,0,36,0.354,1,Escherichia coli (strain K12),mdtP,antibiotic resistance
O65975,11,0,0,11,0.352,3,Salmonella typhimurium,bla,antibiotic resistance
P10051,10,0,0,10,0.352,1,Citrobacter koseri,aacA1,antibiotic resistance
Q0VQH0,18,0,0,18,0.35,16,Alcanivorax borkumensis (strain ATCC 700651 / DSM 11573 / NCIMB 13689 / SK2),uppP,antibiotic resistance
P94571,13,0,0,13,0.35,8,Bacillus subtilis (strain 168),bcrC,antibiotic resistance
P35391,14,0,0,14,0.349,3,Streptomyces badius,Beta-lactamase,antibiotic resistance
Q48406,12,0,0,12,0.349,12,Klebsiella oxytoca,blaT-12b,antibiotic resistance
Q6GEA2,12,0,0,12,0.348,4,Staphylococcus aureus (strain MRSA252),fosB,antibiotic resistance
O65976,13,0,0,13,0.348,13,Salmonella typhimurium,bla,antibiotic resistance
A0A0E3URH8,35,0,0,35,0.346,19,Streptomyces muensis,griR,antibiotic resistance
P0C0G4,10,0,0,10,0.346,2,,,
P0C0Q9,3,0,0,3,0.344,3,Staphylococcus epidermidis,gyrA,antibiotic resistance
Q5HR81,16,0,0,16,0.343,1,Staphylococcus epidermidis (strain ATCC 35984 / DSM 28319 / BCRC 17069 / CCUG 31568 / BM 3577 / RP62A),graR,antibiotic resistance
Q08425,54,0,0,54,0.343,32,Bacteroides fragilis,tetQ,antibiotic resistance
Q7DJ53,7,0,0,7,0.343,1,Staphylococcus aureus,ble,antibiotic resistance
A6QJH4,15,0,0,15,0.343,5,Staphylococcus aureus (strain Newman),fosB,antibiotic resistance
P77268,22,0,0,22,0.341,17,Escherichia coli (strain K12),ddpD,glycopeptide resistance
Q7ATH7,32,0,0,32,0.341,32,Staphylococcus warneri,aacA-aphD,antibiotic resistance
P0A0C2,32,0,0,32,0.341,32,Enterococcus faecalis (strain ATCC 700802 / V583),aacA-aphD,antibiotic resistance
Q5HMP3,32,0,0,32,0.341,32,Staphylococcus epidermidis (strain ATCC 35984 / DSM 28319 / BCRC 17069 / CCUG 31568 / BM 3577 / RP62A),aacA-aphD,antibiotic resistance
Q4L605,32,0,0,32,0.341,32,Staphylococcus haemolyticus (strain JCSC1435),aacA-aphD,antibiotic resistance
Q7ATH9,32,0,0,32,0.341,32,Mammaliicoccus sciuri,aacA-aphD,antibiotic resistance
Q52S23,32,0,0,32,0.341,32,Enterococcus faecium,aacA-aphD,antibiotic resistance
P0A0C1,32,0,0,32,0.341,32,Staphylococcus aureus,aacA-aphD,antibiotic resistance
Q2FKQ0,53,0,0,53,0.341,15,Staphylococcus aureus (strain USA300),gyrA,antibiotic resistance
P0A0C0,32,0,0,32,0.341,32,Staphylococcus aureus (strain Mu50 / ATCC 700699),aacA-aphD,antibiotic resistance
Q8CTJ6,21,0,0,21,0.339,1,Staphylococcus epidermidis (strain ATCC 12228 / FDA PCI 1200),uppP,antibiotic resistance
P05529,16,0,0,16,0.338,4,Escherichia coli,mcbF,antibiotic resistance
Q5F6V6,49,0,0,49,0.338,42,Neisseria gonorrhoeae (strain ATCC 700825 / FA 1090),macB,antibiotic resistance
O33807,12,0,0,12,0.338,12,Salmonella typhimurium,bla,antibiotic resistance
Q2MEY3,11,0,0,11,0.337,4,Streptoalloteichus hindustanus,kamB,antibiotic resistance
P0C0G0,11,0,0,11,0.337,2,Streptococcus pyogenes,folP,other resistance
Q9XAK6,10,0,0,10,0.336,1,Streptomyces coelicolor (strain ATCC BAA-471 / A3(2) / M145),vanX,antibiotic resistance
Q5HDM4,14,0,0,14,0.336,10,Staphylococcus aureus (strain COL),fosB,antibiotic resistance
Q49ZT3,41,0,0,41,0.335,15,Staphylococcus saprophyticus subsp. saprophyticus (strain ATCC 15305 / DSM 20229 / NCIMB 8711 / NCTC 7292 / S-41),tcaA,antibiotic resistance
A0R561,10,0,0,10,0.334,2,Mycolicibacterium smegmatis (strain ATCC 700084 / mc(2)155),carD,TB resistance
P15557,29,0,0,29,0.333,23,Pseudomonas sp. (strain SE83),acyI,antibiotic resistance
P33967,7,0,0,7,0.333,5,Bacillus cereus,bsr,antibiotic resistance
P9WQL7,15,0,0,15,0.333,3,Mycobacterium tuberculosis (strain ATCC 25618 / H37Rv),Fluoroquinolone,antibiotic resistance
P39824,12,0,0,12,0.332,2,Bacillus subtilis (strain 168),penP,antibiotic resistance
A6V1N9,24,0,0,24,0.332,12,Pseudomonas paraeruginosa (strain DSM 24068 / PA7),arnD,antibiotic resistance
Q9HV31,38,0,0,38,0.332,14,Pseudomonas aeruginosa (strain ATCC 15692 / DSM 22644 / CIP 104116 / JCM 14847 / LMG 12228 / 1C / PRS 101 / PAO1),pmrB,colistin resistance
Q88QT2,14,0,0,14,0.331,14,Pseudomonas putida (strain ATCC 47054 / DSM 6125 / CFBP 8728 / NCIMB 11950 / KT2440),murU,antibiotic resistance
P14149,7,0,0,7,0.331,3,Chlamydomonas reinhardtii,rps12,antibiotic resistance
P44928,26,0,0,26,0.33,5,Haemophilus influenzae (strain ATCC 51907 / DSM 11121 / KW20 / Rd),emrA,antibiotic resistance
P14489,13,0,0,13,0.33,5,Pseudomonas aeruginosa,OXA-10,antibiotic resistance
A8Z522,14,0,0,14,0.33,10,Staphylococcus aureus (strain USA300 / TCH1516),fosB,antibiotic resistance
Q46899,25,0,0,25,0.329,6,Escherichia coli (strain K12),casC,other resistance
Q8CVH8,38,0,0,38,0.328,25,Escherichia coli O6:H1 (strain CFT073 / ATCC 700928 / UPEC),mdtP,antibiotic resistance
P0CE47,20,0,0,20,0.327,9,Escherichia coli (strain K12),tufA,antibiotic resistance
P0A0Z6,60,0,0,60,0.327,23,Neisseria meningitidis serogroup B (strain ATCC BAA-335 / MC58),mrcA,antibiotic resistance
P9WKD2,10,0,0,10,0.326,5,Mycobacterium tuberculosis (strain CDC 1551 / Oshkosh),blaC,antibiotic resistance
Q2G0D9,37,0,0,37,0.326,37,Staphylococcus aureus (strain NCTC 8325 / PS 47),graS,antibiotic resistance
P0AC11,11,0,0,11,0.322,11,Escherichia coli,sul2,antibiotic resistance
P44360,6,0,0,6,0.322,1,Haemophilus influenzae (strain ATCC 51907 / DSM 11121 / KW20 / Rd),rplV,antibiotic resistance
Q6GAF6,23,0,0,23,0.322,18,Staphylococcus aureus (strain MSSA476),fmtA,antibiotic resistance
P62593,11,0,0,11,0.321,3,Escherichia coli,bla,antibiotic resistance
B7JKN1,10,0,0,10,0.321,1,Bacillus cereus (strain AH820),fosB,antibiotic resistance
P35695,16,0,0,16,0.319,7,Escherichia coli,bla,antibiotic resistance
A5I6G4,47,0,0,47,0.319,15,Clostridium botulinum (strain Hall / ATCC 3502 / NCTC 13319 / Type A),pbpA,antibiotic resistance
A5U8S6,9,0,0,9,0.318,3,Mycobacterium tuberculosis (strain ATCC 25177 / H37Ra),panD,antibiotic resistance
C5BRP6,15,0,0,15,0.318,15,Teredinibacter turnerae (strain ATCC 39867 / T7901),uppP,antibiotic resistance
Q7A2M4,30,0,0,30,0.318,8,Staphylococcus aureus (strain Mu50 / ATCC 700699),femX,antibiotic resistance
Q55002,47,0,0,47,0.318,3,Streptomyces rimosus,otrA,antibiotic resistance
O08498,15,0,0,15,0.318,8,Elizabethkingia meningoseptica,blaB1,antibiotic resistance
P62127,8,0,0,8,0.318,2,Nicotiana plumbaginifolia,rps12,antibiotic resistance
Q06893,27,0,0,27,0.318,27,Enterococcus faecalis (strain ATCC 700802 / V583),vanB,antibiotic resistance
B9IY29,13,0,0,13,0.317,3,Bacillus cereus (strain Q1),fosB,antibiotic resistance
Q6GIV9,20,0,0,20,0.317,19,Staphylococcus aureus (strain MRSA252),uppP,antibiotic resistance
P30897,20,0,0,20,0.317,16,Proteus mirabilis,blaP,antibiotic resistance
B3U538,14,0,0,14,0.311,2,Acinetobacter radioresistens,blaOXA-133,antibiotic resistance
E1ANH6,12,0,0,12,0.31,12,Escherichia coli,bla,antibiotic resistance
P13250,18,0,0,18,0.31,4,Streptomyces ribosidificus,rph,antibiotic resistance
P37589,7,0,0,7,0.31,4,Salmonella typhimurium (strain LT2 / SGSC1412 / ATCC 700720),pmrD,antibiotic resistance
Q8NKW8,52,0,0,52,0.309,19,Staphylococcus aureus (strain MW2),gyrA,antibiotic resistance
P0A4A3,11,0,0,11,0.309,2,Streptomyces coelicolor (strain ATCC BAA-471 / A3(2) / M145),rpsL,antibiotic resistance
A1A9U9,34,0,0,34,0.309,3,Escherichia coli O1:K1 / APEC,mdtG,antibiotic resistance
Q9KBZ6,11,0,0,11,0.307,1,Halalkalibacterium halodurans (strain ATCC BAA-125 / DSM 18197 / FERM 7344 / JCM 9153 / C-125),fosB,antibiotic resistance
P0A3Y6,21,0,0,21,0.307,6,Staphylococcus aureus,aphA,antibiotic resistance
O51396,49,0,0,49,0.306,27,Borreliella burgdorferi (strain ATCC 35210 / DSM 4680 / CIP 102532 / B31),gyrA,antibiotic resistance
Q796K8,44,0,0,44,0.305,1,Bacillus subtilis (strain 168),pbpH,antibiotic resistance
A7MJT8,19,0,0,19,0.305,14,Cronobacter sakazakii (strain ATCC BAA-894),uppP,antibiotic resistance
A5IVB5,14,0,0,14,0.305,9,Staphylococcus aureus (strain JH9),fosB,antibiotic resistance
Q9K0N7,52,0,0,52,0.305,45,Neisseria meningitidis serogroup B (strain ATCC BAA-335 / MC58),macB,antibiotic resistance
P0AE05,18,0,0,18,0.304,12,Klebsiella pneumoniae,aadB,antibiotic resistance
Q2FVT3,14,0,0,14,0.304,4,Staphylococcus aureus (strain NCTC 8325 / PS 47),fosB,antibiotic resistance
P0AE04,18,0,0,18,0.304,12,Escherichia coli,aadB,antibiotic resistance
P59291,12,0,0,12,0.303,12,Staphylococcus epidermidis (strain ATCC 12228 / FDA PCI 1200),fosB,antibiotic resistance
P0A3Y5,19,0,0,19,0.301,3,Enterococcus faecalis,aphA,antibiotic resistance
Q4ZSZ1,18,0,0,18,0.3,18,Pseudomonas syringae pv. syringae (strain B728a),arnD,antibiotic resistance
Q310A3,22,0,0,22,0.3,2,Oleidesulfovibrio alaskensis (strain ATCC BAA-1058 / DSM 17464 / G20),uppP,antibiotic resistance
P95524,7,0,0,7,0.299,1,Proteus mirabilis,dhfrVI,antibiotic resistance
P0A255,21,0,0,21,0.299,2,Salmonella sp,aacC3,antibiotic resistance
Q02149,12,0,0,12,0.298,8,Lactococcus lactis subsp. lactis (strain IL1403),ymdC,antibiotic resistance
P53374,30,0,0,30,0.298,3,Fusarium fujikuroi,TUB2,antibiotic resistance
A5IQL2,14,0,0,14,0.298,1,Staphylococcus aureus (strain JH9),graR,antibiotic resistance
Q7A8D1,4,0,0,4,0.298,1,Staphylococcus aureus (strain N315),ble,antibiotic resistance
Q49VK3,20,0,0,20,0.297,19,Staphylococcus saprophyticus subsp. saprophyticus (strain ATCC 15305 / DSM 20229 / NCIMB 8711 / NCTC 7292 / S-41),graR,antibiotic resistance
A4WAM4,22,0,0,22,0.297,19,Enterobacter sp. (strain 638),arnC,antibiotic resistance
Q48743,20,0,0,20,0.297,4,Lysobacter lactamgenus,Beta-lactamase,antibiotic resistance
P44345,15,0,0,15,0.297,4,Haemophilus influenzae (strain ATCC 51907 / DSM 11121 / KW20 / Rd),rplD,antibiotic resistance
P62462,18,0,0,18,0.297,6,Bacillus cereus (strain ATCC 10987 / NRS 248),uppP2,antibiotic resistance
P14171,15,0,0,15,0.296,7,Rhodobacter capsulatus,Beta-lactamase,antibiotic resistance
O25103,11,0,0,11,0.296,1,Helicobacter pylori (strain ATCC 700392 / 26695),hcpB,antibiotic resistance
P76397,17,0,0,17,0.296,2,Escherichia coli (strain K12),mdtA,other resistance
P23648,27,0,0,27,0.296,6,Lactococcus lactis subsp. lactis,nsr,antibiotic resistance
A6KZJ8,18,0,0,18,0.294,18,Phocaeicola vulgatus (strain ATCC 8482 / DSM 1447 / JCM 5826 / CCUG 4940 / NBRC 14291 / NCTC 11154),uppP,antibiotic resistance
B7UIW5,14,0,0,14,0.294,11,Escherichia coli O127:H6 (strain E2348/69 / EPEC),uppP,antibiotic resistance
O25001,11,0,0,11,0.294,11,Helicobacter pylori (strain ATCC 700392 / 26695),hcpA,antibiotic resistance
P45438,21,0,0,21,0.294,4,Bacillus licheniformis,ermK,antibiotic resistance
B4ETL7,42,0,0,42,0.293,4,Proteus mirabilis (strain HI4320),arnA,antibiotic resistance
P13249,12,0,0,12,0.291,10,Streptomyces alboniger,pac,antibiotic resistance
Q9XQE1,6,0,0,6,0.29,5,Solanum nigrum,rps12,antibiotic resistance
C4ZRZ3,29,0,0,29,0.288,2,Escherichia coli (strain K12 / MC4100 / BW2952),mdtG,antibiotic resistance
P60864,14,0,0,14,0.288,7,Staphylococcus aureus (strain N315),fosB,antibiotic resistance
P9WQB7,11,0,0,11,0.288,2,Mycobacterium tuberculosis (strain ATCC 25618 / H37Rv),ahpC,TB resistance
Q7A447,27,0,0,27,0.288,1,Staphylococcus aureus (strain N315),femX,antibiotic resistance
P9WGY9,34,0,0,34,0.287,34,Mycobacterium tuberculosis (strain ATCC 25618 / H37Rv),rpoB,antibiotic resistance
P45161,22,0,0,22,0.287,1,Haemophilus influenzae (strain ATCC 51907 / DSM 11121 / KW20 / Rd),dacB,antibiotic resistance
O31817,10,0,0,10,0.287,1,Bacillus subtilis (strain 168),fosB,antibiotic resistance
P0DTV9,17,0,0,17,0.286,1,Campylobacter jejuni,aadK,antibiotic resistance
Q7A4R9,12,0,0,12,0.286,1,Staphylococcus aureus (strain N315),vraR,antibiotic resistance
Q02607,22,0,0,22,0.285,8,Bacteroides fragilis,ermFU,antibiotic resistance
B7GJC8,25,0,0,25,0.284,25,Anoxybacillus flavithermus (strain DSM 21510 / WK1),uppP,antibiotic resistance
Q4L8L4,37,0,0,37,0.281,8,Staphylococcus haemolyticus (strain JCSC1435),tcaA,antibiotic resistance
Q8X9I3,34,0,0,34,0.281,11,Escherichia coli O157:H7,mdtG,antibiotic resistance
Q54441,7,0,0,7,0.281,1,Serratia marcescens,Aminoglycoside,antibiotic resistance
A0A059WYP6,29,0,0,29,0.281,2,Unknown prokaryotic organism,tet(50),antibiotic resistance
P67389,17,0,0,17,0.28,15,Salmonella typhi,uppP,antibiotic resistance
A5WCV5,19,0,0,19,0.28,3,Psychrobacter sp. (strain PRwf-1),uppP,antibiotic resistance
Q6XEC0,11,0,0,11,0.279,1,Klebsiella pneumoniae,OXA-48,antibiotic resistance
Q0T0K6,17,0,0,17,0.279,10,Shigella flexneri serotype 5b (strain 8401),uppP,antibiotic resistance
P51560,13,0,0,13,0.279,13,Vibrio anguillarum,tetR,antibiotic resistance
P16426,13,0,0,13,0.278,9,Streptomyces hygroscopicus,bar,antibiotic resistance
P09891,26,0,0,26,0.276,26,Aeromicrobium erythreum (strain ATCC 51598 / DSM 8599 / JCM 8359 / NBRC 15406 / NRRL B-3381),ermA,antibiotic resistance
Q9I4K6,9,0,0,9,0.275,1,Pseudomonas aeruginosa (strain ATCC 15692 / DSM 22644 / CIP 104116 / JCM 14847 / LMG 12228 / 1C / PRS 101 / PAO1),fosA,antibiotic resistance
P9WQL9,26,0,0,26,0.274,4,Mycobacterium tuberculosis (strain ATCC 25618 / H37Rv),drrA,antibiotic resistance
Q3KCC0,15,0,0,15,0.273,15,Pseudomonas fluorescens (strain Pf0-1),arnD,antibiotic resistance
Q5F336,19,0,0,19,0.273,2,Gallus gallus,MBLAC2,carbapenemase
P63196,11,0,0,11,0.273,4,Haemophilus influenzae (strain ATCC 51907 / DSM 11121 / KW20 / Rd),rpsL,antibiotic resistance
Q52620,9,0,0,9,0.272,4,Proteus vulgaris,pqrA,antibiotic resistance
P37636,27,0,0,27,0.272,7,Escherichia coli (strain K12),mdtE,antibiotic resistance
Q5HI09,13,0,0,13,0.272,1,Staphylococcus aureus (strain COL),graR,antibiotic resistance
Q8DNB6,56,0,0,56,0.271,46,Streptococcus pneumoniae (strain ATCC BAA-255 / R6),pbp2a,antibiotic resistance
P12055,21,0,0,21,0.27,19,Staphylococcus aureus,str,antibiotic resistance
A6TZD7,34,0,0,34,0.27,33,Staphylococcus aureus (strain JH1),graS,antibiotic resistance
A9MPV8,16,0,0,16,0.269,14,Salmonella arizonae (strain ATCC BAA-731 / CDC346-86 / RSK2980),uppP,antibiotic resistance
Q9WWZ9,20,0,0,20,0.269,20,Pseudomonas putida (strain DOT-T1E),ttgA,antibiotic resistance
P39115,40,0,0,40,0.268,34,Bacillus subtilis (strain 168),vmlR,antibiotic resistance
Q03377,13,0,0,13,0.267,5,Staphylococcus epidermidis,fosB,antibiotic resistance
P48354,63,0,0,63,0.267,63,Mycolicibacterium smegmatis (strain ATCC 700084 / mc(2)155),gyrA,antibiotic resistance
Q6GH30,25,0,0,25,0.266,25,Staphylococcus aureus (strain MRSA252),femB,antibiotic resistance
P28246,27,0,0,27,0.266,3,Escherichia coli (strain K12),bcr,antibiotic resistance
Q03680,14,0,0,14,0.266,10,Streptomyces cacaoi,blaL,antibiotic resistance
B5I920,70,0,0,70,0.266,63,Streptomyces sviceus (strain ATCC 29083 / DSM 924 / JCM 4929 / NBRC 13980 / NCIMB 11184 / NRRL 5439 / UC 5370),rph,antibiotic resistance
P0CF06,4,0,0,4,0.265,1,,,
A0KGB3,44,0,0,44,0.264,30,Aeromonas hydrophila subsp. hydrophila (strain ATCC 7966 / DSM 30187 / BCRC 13018 / CCUG 14551 / JCM 1027 / KCTC 2358 / NCIMB 9240 / NCTC 8049),macB1,antibiotic resistance
Q81RK2,10,0,0,10,0.263,4,Bacillus anthracis,fosB1,antibiotic resistance
Q51355,20,0,0,20,0.262,5,Pseudomonas aeruginosa,carB4,antibiotic resistance
P00553,23,0,0,23,0.261,23,Niallia circulans,aphA4,antibiotic resistance
Q03170,20,0,0,20,0.26,6,Pseudomonas aeruginosa,pse1,antibiotic resistance
P02979,19,0,0,19,0.259,2,Staphylococcus aureus,ermC,antibiotic resistance
P36258,10,0,0,10,0.258,1,Streptomyces griseus,rplK,antibiotic resistance
A9VQJ9,5,0,0,5,0.257,1,Bacillus mycoides (strain KBAB4),vgb,antibiotic resistance
P0A7W4,9,0,0,9,0.257,1,Salmonella typhimurium (strain LT2 / SGSC1412 / ATCC 700720),rpsE,antibiotic resistance
P11731,8,0,0,8,0.256,4,Escherichia coli,dhfrV,antibiotic resistance
Q9RQ30,30,0,0,30,0.256,14,Neisseria gonorrhoeae,farA,efflux pump
P9WQG8,9,0,0,9,0.256,4,Mycobacterium tuberculosis (strain CDC 1551 / Oshkosh),aac,antibiotic resistance
P37870,97,0,0,97,0.255,89,Bacillus subtilis (strain 168),rpoB,antibiotic resistance
C0PYX8,15,0,0,15,0.255,13,Salmonella paratyphi C (strain RKS4594),uppP,antibiotic resistance
Q49VY9,12,0,0,12,0.254,10,Staphylococcus saprophyticus subsp. saprophyticus (strain ATCC 15305 / DSM 20229 / NCIMB 8711 / NCTC 7292 / S-41),fosB,antibiotic resistance
Q8KA52,17,0,0,17,0.254,17,Buchnera aphidicola subsp. Schizaphis graminum (strain Sg),uppP,antibiotic resistance
Q9XBN7,23,0,0,23,0.254,7,Elizabethkingia meningoseptica,blaB4,antibiotic resistance
Q739M9,11,0,0,11,0.254,4,Bacillus cereus (strain ATCC 10987 / NRS 248),fosB,antibiotic resistance
P30843,12,0,0,12,0.254,12,Escherichia coli (strain K12),basR,antibiotic resistance
Q9UVB8,5,0,0,5,0.253,3,Wickerhamomyces ciferrii (strain ATCC 14091 / BCRC 22168 / CBS 111 / JCM 3599 / NBRC 0793 / NRRL Y-1031 F-60-10),RPL44,antibiotic resistance
Q5L3H7,20,0,0,20,0.253,3,Geobacillus kaustophilus (strain HTA426),uppP,antibiotic resistance
A0A0F7KYQ8,11,0,0,11,0.253,2,Pseudomonas aeruginosa (strain ATCC 15692 / DSM 22644 / CIP 104116 / JCM 14847 / LMG 12228 / 1C / PRS 101 / PAO1),VIM-1,antibiotic resistance
P62129,5,0,0,5,0.252,2,Nicotiana tabacum,rps12-A,antibiotic resistance
P00383,2,0,0,2,0.25,1,Escherichia coli,Dihydrofolate,antibiotic resistance
P29806,17,0,0,17,0.249,13,Klebsiella pneumoniae,aadB,antibiotic resistance
Q6GKR3,7,0,0,7,0.248,1,Staphylococcus aureus (strain MRSA252),ble,antibiotic resistance
Q2EHL7,45,0,0,45,0.248,1,Aggregatibacter actinomycetemcomitans,tdeA,antibiotic resistance
Q5M1R0,12,0,0,12,0.247,12,Streptococcus thermophilus (strain CNRZ 1066),uppP,antibiotic resistance
P0A9Z7,14,0,0,14,0.247,3,Escherichia coli,bla,antibiotic resistance
O32003,19,0,0,19,0.246,2,Bacillus subtilis (strain 168),yokD,antibiotic resistance
P0C0Z1,9,0,0,9,0.246,5,Staphylococcus aureus (strain Mu3 / ATCC 700698),vraR,antibiotic resistance
P0A9Z9,16,0,0,16,0.246,5,Klebsiella pneumoniae subsp. ozaenae,bla,antibiotic resistance
C3P803,8,0,0,8,0.246,1,Bacillus anthracis (strain A0248),fosB1,antibiotic resistance
A8FRR1,23,0,0,23,0.245,3,Shewanella sediminis (strain HAW-EB3),arnD,antibiotic resistance
Q5HR54,21,0,0,21,0.242,1,Staphylococcus epidermidis (strain ATCC 35984 / DSM 28319 / BCRC 17069 / CCUG 31568 / BM 3577 / RP62A),uppP,antibiotic resistance
P37323,18,0,0,18,0.242,2,Klebsiella pneumoniae,bla,antibiotic resistance
P58411,25,0,0,25,0.241,12,Yersinia pestis,macA,antibiotic resistance
P0AD63,16,0,0,16,0.241,8,Escherichia coli,bla,antibiotic resistance
P0A8M3,43,0,0,43,0.241,3,Escherichia coli (strain K12),thrS,antibiotic resistance
P26826,10,0,0,10,0.24,1,Clostridium perfringens,catP,antibiotic resistance
P37711,20,0,0,20,0.24,9,Enterococcus faecium,vanY,glycopeptide resistance
P14508,17,0,0,17,0.24,17,Campylobacter jejuni,aphA-7,antibiotic resistance
P06548,18,0,0,18,0.239,1,Bacillus cereus,blaZ,antibiotic resistance
P14511,21,0,0,21,0.239,2,Agrobacterium tumefaciens,Aminoglycoside,antibiotic resistance
P14509,23,0,0,23,0.239,7,Escherichia coli,aphA,antibiotic resistance
C1ERH6,12,0,0,12,0.238,2,Bacillus cereus (strain 03BB102),fosB,antibiotic resistance
B5YR97,19,0,0,19,0.237,1,Escherichia coli O157:H7 (strain EC4115 / EHEC),uppP,antibiotic resistance
Q33DX5,22,0,0,22,0.236,6,Proteus mirabilis,rmtC,antibiotic resistance
A1UJW6,13,0,0,13,0.236,12,Mycobacterium sp. (strain KMS),vgb,antibiotic resistance
P0ACH5,7,0,0,7,0.236,1,Escherichia coli (strain K12),marA,antibiotic resistance
P30896,14,0,0,14,0.236,9,Klebsiella pneumoniae,bla,antibiotic resistance
P76632,12,0,0,12,0.235,4,Escherichia coli (strain K12),casB,other resistance
P31776,65,0,0,65,0.235,55,Haemophilus influenzae (strain ATCC 51907 / DSM 11121 / KW20 / Rd),mrcA,antibiotic resistance
Q57JQ4,15,0,0,15,0.234,14,Salmonella choleraesuis (strain SC-B67),uppP,antibiotic resistance
Q53685,26,0,0,26,0.234,2,Streptomyces antibioticus,oleD,antibiotic resistance
Q83P86,19,0,0,19,0.233,2,Shigella flexneri,mdtN,antibiotic resistance
B3Q5X8,20,0,0,20,0.233,12,Rhodopseudomonas palustris (strain TIE-1),uppP,antibiotic resistance
Q8FFV6,39,0,0,39,0.233,27,Escherichia coli O6:H1 (strain CFT073 / ATCC 700928 / UPEC),mdtQ,antibiotic resistance
Q6FYL0,51,0,0,51,0.233,1,Bartonella quintana (strain Toulouse),macB,antibiotic resistance
Q9RKY0,7,0,0,7,0.23,1,Streptomyces coelicolor (strain ATCC BAA-471 / A3(2) / M145),rbpA,antibiotic resistance
P05220,29,0,0,29,0.23,2,Neurospora crassa (strain ATCC 24698 / 74-OR23-1A / CBS 708.71 / DSM 1257 / FGSC 987),tub-2,antibiotic resistance
Q8CVL1,24,0,0,24,0.23,12,Escherichia coli O6:H1 (strain CFT073 / ATCC 700928 / UPEC),mdtE,antibiotic resistance
A7WZC3,17,0,0,17,0.23,2,Staphylococcus aureus (strain Mu3 / ATCC 700698),graR,antibiotic resistance
P02930,30,0,0,30,0.229,29,Escherichia coli (strain K12),tolC,antibiotic resistance
P29808,18,0,0,18,0.229,8,Pseudomonas aeruginosa,aacC3,antibiotic resistance
Q891X1,49,0,0,49,0.228,2,Clostridium tetani (strain Massachusetts / E88),pbpA,antibiotic resistance
P25910,10,0,0,10,0.228,1,Bacteroides fragilis,ccrA,antibiotic resistance
P18251,16,0,0,16,0.227,10,Enterobacter cloacae,Beta-lactamase,antibiotic resistance
O87545,40,0,0,40,0.227,10,Treponema denticola (strain ATCC 35405 / DSM 14222 / CIP 103919 / JCM 8153 / KCTC 15104),gyrB,antibiotic resistance
P10739,5,0,0,5,0.226,1,Escherichia coli,ermC,antibiotic resistance
Q4VR99,21,0,0,21,0.226,1,Campylobacter jejuni,aad9,antibiotic resistance
A8GDR6,22,0,0,22,0.225,11,Serratia proteamaculans (strain 568),arnC,antibiotic resistance
Q9WWZ8,40,0,0,40,0.225,4,Pseudomonas putida (strain DOT-T1E),ttgC,antibiotic resistance
P00382,8,0,0,8,0.224,8,Escherichia coli,dhfrI,antibiotic resistance
Q9XA16,48,0,0,48,0.224,45,Streptomyces coelicolor (strain ATCC BAA-471 / A3(2) / M145),SCH69.18,beta-lactamase
Q03447,20,0,0,20,0.223,5,Salmonella typhimurium,Aminoglycoside,antibiotic resistance
P59523,20,0,0,20,0.221,20,Buchnera aphidicola subsp. Baizongia pistaciae (strain Bp),uppP,antibiotic resistance
P59676,50,0,0,50,0.221,4,Streptococcus pneumoniae (strain ATCC BAA-255 / R6),pbpX,antibiotic resistance
Q21C73,21,0,0,21,0.221,6,Rhodopseudomonas palustris (strain BisB18),uppP,antibiotic resistance
Q6HJT7,12,0,0,12,0.22,1,Bacillus thuringiensis subsp. konkukian (strain 97-27),fosB,antibiotic resistance
P0DW63,12,0,0,12,0.22,12,Scandinavium goeteborgense,qnrB96,antibiotic resistance
Q13ES7,22,0,0,22,0.22,8,Rhodopseudomonas palustris (strain BisB5),uppP,antibiotic resistance
Q9ZKB5,17,0,0,17,0.219,6,Helicobacter pylori (strain J99 / ATCC 700824),hcpC,antibiotic resistance
P64177,27,0,0,27,0.216,10,Shigella flexneri,macA,antibiotic resistance
Q01166,14,0,0,14,0.216,3,Yersinia enterocolitica,blaA,antibiotic resistance
P00384,4,0,0,4,0.215,1,Escherichia coli,Dihydrofolate,antibiotic resistance
A7Z3A4,10,0,0,10,0.215,1,Bacillus velezensis (strain DSM 23117 / BGSC 10A6 / LMG 26770 / FZB42),fosB,antibiotic resistance
B1IXT2,42,0,0,42,0.214,12,Escherichia coli (strain ATCC 8739 / DSM 1576 / NBRC 3972 / NCIMB 8545 / WDCM 00012 / Crooks),arnA,antibiotic resistance
P00552,10,0,0,10,0.214,10,Klebsiella pneumoniae,neo,antibiotic resistance
P54488,43,0,0,43,0.214,2,Bacillus subtilis (strain 168),pbpA,antibiotic resistance
P31027,4,0,0,4,0.211,2,Kluyveromyces lactis (strain ATCC 8585 / CBS 2359 / DSM 70799 / NBRC 1267 / NRRL Y-1140 / WM37),RPL44,antibiotic resistance
O05465,19,0,0,19,0.21,6,Psychrobacter immobilis,ampC,antibiotic resistance
P46104,34,0,0,34,0.21,27,Streptomyces lincolnensis,lmrA,antibiotic resistance
P13081,5,0,0,5,0.208,5,Klebsiella pneumoniae,ble,antibiotic resistance
Q44056,15,0,0,15,0.208,12,Aeromonas hydrophila,aer1,antibiotic resistance
P0A0H3,19,0,0,19,0.207,2,Staphylococcus aureus,ermA,antibiotic resistance
Q6GBH1,16,0,0,16,0.207,16,Staphylococcus aureus (strain MSSA476),graR,antibiotic resistance
Q2EHL8,60,0,0,60,0.207,47,Aggregatibacter actinomycetemcomitans,macB,antibiotic resistance
P14510,6,0,0,6,0.206,1,Agrobacterium tumefaciens,Kanamycin,antibiotic resistance
Q65KJ5,12,0,0,12,0.205,8,Bacillus licheniformis (strain ATCC 14580 / DSM 13 / JCM 2505 / CCUG 7422 / NBRC 12200 / NCIMB 9375 / NCTC 10341 / NRRL NRS-1264 / Gibson 46),fosB,antibiotic resistance
P20074,16,0,0,16,0.205,2,Streptomyces acrimycini,cat,antibiotic resistance
P10952,48,0,0,48,0.204,1,Campylobacter jejuni,tetO,antibiotic resistance
Q07448,22,0,0,22,0.204,22,Enterococcus faecalis,spc,antibiotic resistance
Q99UA7,26,0,0,26,0.203,21,Staphylococcus aureus (strain Mu50 / ATCC 700699),femA,antibiotic resistance
P08988,15,0,0,15,0.203,4,Salmonella sp,aacC4,antibiotic resistance
P0A5N1,10,0,0,10,0.202,1,Mycobacterium bovis (strain ATCC BAA-935 / AF2122/97),aac,antibiotic resistance
Q5FAC7,54,0,0,54,0.201,54,Neisseria gonorrhoeae (strain ATCC 700825 / FA 1090),mrcA,antibiotic resistance
Q7WCA6,15,0,0,15,0.201,2,Bordetella parapertussis (strain 12822 / ATCC BAA-587 / NCTC 13253),vgb,antibiotic resistance
Q9RBW7,12,0,0,12,0.2,5,Stenotrophomonas maltophilia,Aminoglycoside,antibiotic resistance
Q8FAX1,21,0,0,21,0.2,1,Escherichia coli O6:H1 (strain CFT073 / ATCC 700928 / UPEC),mdtN,antibiotic resistance
Q7VMF9,57,0,0,57,0.197,46,Haemophilus ducreyi (strain 35000HP / ATCC 700724),macB,antibiotic resistance
P27076,6,0,0,6,0.196,2,Kluyveromyces marxianus,RPL44,antibiotic resistance
B7MAD4,20,0,0,20,0.195,19,Escherichia coli O45:K1 (strain S88 / ExPEC),uppP,antibiotic resistance
Q9S424,13,0,0,13,0.193,6,Klebsiella pneumoniae,bla,antibiotic resistance
P63200,9,0,0,9,0.191,7,Synechococcus elongatus (strain ATCC 33912 / PCC 7942 / FACHB-805),rpsL,antibiotic resistance
Q5HG45,26,0,0,26,0.191,26,Staphylococcus aureus (strain COL),femA,antibiotic resistance
P0A0H1,20,0,0,20,0.19,7,Staphylococcus aureus (strain Mu50 / ATCC 700699),ermA1,antibiotic resistance
Q09HD0,15,0,0,15,0.19,5,Klebsiella pneumoniae,blaGES-5,antibiotic resistance
Q01515,15,0,0,15,0.19,1,Serratia marcescens,aac3-Vb,antibiotic resistance
P78218,8,0,0,8,0.189,3,Escherichia coli,dhfrXV,antibiotic resistance
P0A7S3,9,0,0,9,0.189,9,Escherichia coli (strain K12),rpsL,antibiotic resistance
Q6GH31,28,0,0,28,0.189,28,Staphylococcus aureus (strain MRSA252),femA,antibiotic resistance
P0C069,20,0,0,20,0.188,20,Pseudomonas putida,mepA,antibiotic resistance
Q88QQ4,21,0,0,21,0.188,15,Pseudomonas putida (strain ATCC 47054 / DSM 6125 / CFBP 8728 / NCIMB 11950 / KT2440),anmK,antibiotic resistance
Q46898,17,0,0,17,0.187,2,Escherichia coli (strain K12),casD,other resistance
B7HNI5,13,0,0,13,0.187,2,Bacillus cereus (strain AH187),fosB,antibiotic resistance
P17978,13,0,0,13,0.186,1,Staphylococcus aureus,vgb,antibiotic resistance
P0A2S4,6,0,0,6,0.186,1,Salmonella typhimurium (strain LT2 / SGSC1412 / ATCC 700720),marA,antibiotic resistance
P52393,20,0,0,20,0.185,1,Streptomyces laurentii,tsnR,antibiotic resistance
C3P6D6,15,0,0,15,0.184,4,Bacillus anthracis (strain A0248),fosB2,antibiotic resistance
P96348,14,0,0,14,0.184,1,Klebsiella pneumoniae,bla,antibiotic resistance
P0ACH7,5,0,0,5,0.183,1,Shigella flexneri,marA,antibiotic resistance
Q81EF2,15,0,0,15,0.182,5,Bacillus cereus (strain ATCC 14579 / DSM 31 / CCUG 7414 / JCM 2152 / NBRC 15305 / NCIMB 9373 / NCTC 2599 / NRRL B-3711),fosB,antibiotic resistance
O08337,15,0,0,15,0.182,7,Escherichia coli,bla,antibiotic resistance
Q00573,42,0,0,42,0.18,42,Streptococcus oralis,ponA,antibiotic resistance
Q9KLB7,25,0,0,25,0.18,6,,,
Q8BL86,12,0,0,12,0.178,2,Mus musculus,Mblac2,carbapenemase
Q7WQB0,16,0,0,16,0.177,4,Bordetella bronchiseptica (strain ATCC BAA-588 / NCTC 13252 / RB50),vgb,antibiotic resistance
P9WG47,24,0,0,24,0.174,24,Mycobacterium tuberculosis (strain ATCC 25618 / H37Rv),gyrA,antibiotic resistance
Q7A2Q1,7,0,0,7,0.173,2,Staphylococcus aureus (strain Mu50 / ATCC 700699),vraR,antibiotic resistance
Q9WZZ5,12,0,0,12,0.172,1,Thermotoga maritima (strain ATCC 43589 / DSM 3109 / JCM 10099 / NBRC 100826 / MSB8),uppP,antibiotic resistance
Q51161,20,0,0,20,0.172,7,Neisseria meningitidis serogroup B (strain ATCC BAA-335 / MC58),folP,other resistance
Q1C5W7,60,0,0,60,0.171,30,Yersinia pestis bv. Antiqua (strain Antiqua),macB2,antibiotic resistance
Q81G27,17,0,0,17,0.171,10,Bacillus cereus (strain ATCC 14579 / DSM 31 / CCUG 7414 / JCM 2152 / NBRC 15305 / NCIMB 9373 / NCTC 2599 / NRRL B-3711),uppP2,antibiotic resistance
Q63CC5,8,0,0,8,0.17,3,Bacillus cereus (strain ZK / E33L),fosB,antibiotic resistance
B9A8S5,34,0,0,34,0.168,7,,,
Q06796,5,0,0,5,0.168,2,Bacillus subtilis (strain 168),rplK,antibiotic resistance
P00381,4,0,0,4,0.167,4,Lacticaseibacillus casei,folA,antibiotic resistance
P52391,21,0,0,21,0.167,21,Streptomyces actuosus,nshR,antibiotic resistance
Q97SV4,15,0,0,15,0.167,2,Streptococcus pneumoniae serotype 4 (strain ATCC BAA-334 / TIGR4),rplD,antibiotic resistance
Q0TNZ8,52,0,0,52,0.163,47,Clostridium perfringens (strain ATCC 13124 / DSM 756 / JCM 1290 / NCIMB 6125 / NCTC 8237 / Type A),pbpA,antibiotic resistance
Q81W73,14,0,0,14,0.162,3,Bacillus anthracis,fosB2,antibiotic resistance
P0ACH6,5,0,0,5,0.161,2,Escherichia coli O157:H7,marA,antibiotic resistance
P0DXU7,19,0,0,19,0.161,6,Streptomyces coeruleorubidus,drrA3,antibiotic resistance
Q93F76,12,0,0,12,0.161,4,Pseudomonas aeruginosa,blaGES-2,antibiotic resistance
Q9KJY7,12,0,0,12,0.159,5,Klebsiella pneumoniae,ges-1,antibiotic resistance
C3L6A4,12,0,0,12,0.159,4,Bacillus anthracis (strain CDC 684 / NRRL 3495),fosB2,antibiotic resistance
A9GC83,21,0,0,21,0.159,21,Sorangium cellulosum (strain So ce56),uppP,antibiotic resistance
P00808,13,0,0,13,0.158,2,Bacillus licheniformis,penP,antibiotic resistance
Q0SRL7,57,0,0,57,0.158,17,Clostridium perfringens (strain SM101 / Type A),pbpA,antibiotic resistance
P0A3M2,13,0,0,13,0.157,3,Pseudomonas aeruginosa,bla,antibiotic resistance
F8J3H2,20,0,0,20,0.156,16,Pseudoalteromonas sp. (strain SANK 73390),holE,antibiotic resistance
P11504,13,0,0,13,0.155,4,Clostridioides difficile,catD,antibiotic resistance
P43486,2,0,0,2,0.155,1,Streptomyces lavendulae,mcrB,antibiotic resistance
Q04707,40,0,0,40,0.155,40,Streptococcus pneumoniae serotype 4 (strain ATCC BAA-334 / TIGR4),ponA,antibiotic resistance
Q03ZT9,13,0,0,13,0.151,9,Leuconostoc mesenteroides subsp. mesenteroides (strain ATCC 8293 / DSM 20343 / BCRC 11652 / CCM 1803 / JCM 6124 / NCDO 523 / NBRC 100496 / NCIMB 8023 / NCTC 12954 / NRRL B-1118 / 37Y),uppP,antibiotic resistance
B7ITG3,12,0,0,12,0.15,2,Bacillus cereus (strain G9842),fosB,antibiotic resistance
Q8R9T6,38,0,0,38,0.148,29,Caldanaerobacter subterraneus subsp. tengcongensis (strain DSM 15242 / JCM 11007 / NBRC 100824 / MB4),sps1,beta-lactamase
P0AA00,15,0,0,15,0.148,7,Salmonella typhimurium,bla,antibiotic resistance
A0A649V088,13,0,0,13,0.147,11,Escherichia coli,bla,antibiotic resistance
Q47744,12,0,0,12,0.147,12,Enterococcus faecalis (strain ATCC 700802 / V583),vanRB,antibiotic resistance
Q8GPH6,7,0,0,7,0.146,1,Enterobacter agglomerans,ehpR,antibiotic resistance
Q9S169,14,0,0,14,0.146,2,Escherichia coli,bla,antibiotic resistance
Q9HZK0,13,0,0,13,0.146,12,Pseudomonas aeruginosa (strain ATCC 15692 / DSM 22644 / CIP 104116 / JCM 14847 / LMG 12228 / 1C / PRS 101 / PAO1),nagZ,antibiotic resistance
O25021,24,0,0,24,0.145,5,Helicobacter pylori (strain ATCC 700392 / 26695),hcpE,antibiotic resistance
P45345,56,0,0,56,0.144,56,Haemophilus influenzae (strain ATCC 51907 / DSM 11121 / KW20 / Rd),mrcB,antibiotic resistance
P18150,17,0,0,17,0.144,10,Streptomyces griseus,aphE,antibiotic resistance
P0DPR6,24,0,0,24,0.143,10,Acinetobacter baumannii (strain ATCC 17978 / DSM 105126 / CIP 53.77 / LMG 1025 / NCDC KC755 / 5377),emrA,antibiotic resistance
P33230,5,0,0,5,0.141,3,Escherichia coli (strain K12),rcbA,antibiotic resistance
P18539,22,0,0,22,0.141,1,Serratia marcescens,ampC,antibiotic resistance
A0RD31,8,0,0,8,0.14,2,Bacillus thuringiensis (strain Al Hakam),fosB,antibiotic resistance
Q5HLN7,38,0,0,38,0.139,9,Staphylococcus epidermidis (strain ATCC 35984 / DSM 28319 / BCRC 17069 / CCUG 31568 / BM 3577 / RP62A),tcaA,antibiotic resistance
P81781,21,0,0,21,0.138,4,Vibrio cholerae,carB6,antibiotic resistance
Q848S4,13,0,0,13,0.138,3,Klebsiella oxytoca,bla,antibiotic resistance
O87579,59,0,0,59,0.137,41,Neisseria lactamica,mrcA,antibiotic resistance
P16961,1,0,0,1,0.137,1,Streptomyces hygroscopicus,cre,antibiotic resistance
P06107,7,0,0,7,0.136,6,Staphylococcus haemolyticus,linA,antibiotic resistance
P0A3M1,13,0,0,13,0.136,3,Klebsiella pneumoniae,bla,antibiotic resistance
Q5HJZ0,60,0,0,60,0.135,59,Staphylococcus aureus (strain COL),gyrA,antibiotic resistance
P42332,24,0,0,24,0.133,4,Bacillus licheniformis,bcrA,antibiotic resistance
Q06798,2,0,0,2,0.133,1,Bacillus subtilis (strain 168),rpmGB,antibiotic resistance
Q04720,20,0,0,20,0.131,6,Bacillus anthracis,ermJ,antibiotic resistance
Q46897,17,0,0,17,0.129,7,Escherichia coli (strain K12),casE,other resistance
Q54801,5,0,0,5,0.128,1,Streptococcus pneumoniae serotype 4 (strain ATCC BAA-334 / TIGR4),dhfR,antibiotic resistance
Q59514,19,0,0,19,0.128,1,Moraxella catarrhalis,bla,antibiotic resistance
Q92G78,64,0,0,64,0.126,62,Rickettsia conorii (strain ATCC VR-613 / Malish 7),mrcA,antibiotic resistance
Q932M0,57,0,0,57,0.126,56,Staphylococcus aureus (strain Mu50 / ATCC 700699),gyrA,antibiotic resistance
P9WJG3,9,0,0,9,0.126,9,Mycobacterium tuberculosis (strain ATCC 25618 / H37Rv),carD,TB resistance
P0A2S5,8,0,0,8,0.125,1,Salmonella typhi,marA,antibiotic resistance
C3L5E9,10,0,0,10,0.125,1,Bacillus anthracis (strain CDC 684 / NRRL 3495),fosB1,antibiotic resistance
B7HJF3,14,0,0,14,0.125,1,Bacillus cereus (strain B4264),fosB,antibiotic resistance
P0A002,6,0,0,6,0.124,1,Staphylococcus aureus (strain N315),acpP,antibiotic resistance
A6LZF4,10,0,0,10,0.123,2,Clostridium beijerinckii (strain ATCC 51743 / NCIMB 8052),vgb,antibiotic resistance
P61182,6,0,0,6,0.121,2,Streptococcus pneumoniae serotype 4 (strain ATCC BAA-334 / TIGR4),rplV,antibiotic resistance
P21232,1,0,0,1,0.12,1,Corynebacterium diphtheriae,23S,antibiotic resistance
P37322,19,0,0,19,0.12,1,Pseudomonas aeruginosa,carB3,antibiotic resistance
Q7W0D3,13,0,0,13,0.12,1,Bordetella pertussis (strain Tohama I / ATCC BAA-589 / NCTC 13251),vgb,antibiotic resistance
P05219,27,0,0,27,0.118,2,Schizosaccharomyces pombe (strain 972 / ATCC 24843),nda3,antibiotic resistance
C6DAW6,27,0,0,27,0.115,20,Pectobacterium carotovorum subsp. carotovorum (strain PC1),arnC,antibiotic resistance
P25920,7,0,0,7,0.115,2,Streptoalloteichus tenebrarius (strain ATCC 17920 / DSM 40477 / JCM 4838 / CBS 697.72 / NBRC 16177 / NCIMB 11028 / NRRL B-12390 / A12253. 1 / ISP 5477),kamB,antibiotic resistance
P0A001,6,0,0,6,0.111,1,Staphylococcus aureus (strain Mu50 / ATCC 700699),acpP,antibiotic resistance
P31956,63,0,0,63,0.111,53,Rhizobium viscosum,pac,antibiotic resistance
A7GNY8,8,0,0,8,0.111,1,Bacillus cytotoxicus (strain DSM 22905 / CIP 110041 / 391-98 / NVH 391-98),fosB,antibiotic resistance
P0A0A4,25,0,0,25,0.11,25,Staphylococcus aureus (strain MW2),femA,antibiotic resistance
O83051,58,0,0,58,0.109,46,Treponema pallidum (strain Nichols),gyrA,antibiotic resistance
P09885,19,0,0,19,0.107,5,Acinetobacter baumannii,aphA-6,antibiotic resistance
Q5HDU6,32,0,0,32,0.107,19,Staphylococcus aureus (strain COL),femX,antibiotic resistance
Q93LM8,13,0,0,13,0.103,4,Escherichia coli,bla,antibiotic resistance
P9WI81,31,0,0,31,0.102,18,Mycobacterium tuberculosis (strain ATCC 25618 / H37Rv),pknB,beta-lactamase
P0A9Z8,15,0,0,15,0.102,1,Klebsiella pneumoniae,bla,antibiotic resistance
Q99XE5,5,0,0,5,0.101,2,Staphylococcus aureus (strain Mu50 / ATCC 700699),ble,antibiotic resistance
Q6GEH2,34,0,0,34,0.101,10,Staphylococcus aureus (strain MRSA252),femX,antibiotic resistance
P60865,13,0,0,13,0.101,4,Bacillus cereus,fosB,antibiotic resistance
Q9R381,14,0,0,14,0.1,14,Salmonella enteritidis,Aminoglycoside,antibiotic resistance
Q9RB01,14,0,0,14,0.1,10,Elizabethkingia meningoseptica,blaB2,antibiotic resistance
P67925,6,0,0,6,0.099,1,Geobacillus stearothermophilus,bleO,antibiotic resistance
C0ZJ12,12,0,0,12,0.099,1,Brevibacillus brevis (strain 47 / JCM 6285 / NBRC 100599),fosB,antibiotic resistance
P30180,12,0,0,12,0.097,5,Streptomyces paromomycinus,aacC7,antibiotic resistance
P0A003,6,0,0,6,0.095,3,Staphylococcus aureus (strain MW2),acpP,antibiotic resistance
Q51397,37,0,0,37,0.095,31,Pseudomonas aeruginosa (strain ATCC 15692 / DSM 22644 / CIP 104116 / JCM 14847 / LMG 12228 / 1C / PRS 101 / PAO1),oprJ,antibiotic resistance
Q46901,42,0,0,42,0.094,2,Escherichia coli (strain K12),casA,other resistance
P10653,27,0,0,27,0.094,16,Emericella nidulans (strain FGSC A4 / ATCC 38163 / CBS 112.46 / NRRL 194 / M139),benA,antibiotic resistance
P00555,17,0,0,17,0.094,13,Streptomyces fradiae,aph,antibiotic resistance
P0AG06,18,0,0,18,0.093,2,Shigella flexneri,aadA,antibiotic resistance
Q2FYR2,26,0,0,26,0.091,26,Staphylococcus aureus (strain NCTC 8325 / PS 47),femA,antibiotic resistance
P18623,24,0,0,24,0.09,18,Streptomyces vinaceus,vph,antibiotic resistance
Q5HG44,26,0,0,26,0.088,3,Staphylococcus aureus (strain COL),femB,antibiotic resistance
P14677,57,0,0,57,0.088,21,Streptococcus pneumoniae serotype 4 (strain ATCC BAA-334 / TIGR4),pbpX,antibiotic resistance
P37321,16,0,0,16,0.088,4,Pseudomonas aeruginosa,PER-1,antibiotic resistance
Q9KJA8,13,0,0,13,0.087,13,Elizabethkingia meningoseptica,blaB7,antibiotic resistance
P52809,4,0,0,4,0.086,1,Cyberlindnera jadinii,RPL44,antibiotic resistance
C5D3Y4,18,0,0,18,0.086,15,Geobacillus sp. (strain WCH70),uppP,antibiotic resistance
P32716,17,0,0,17,0.085,10,Escherichia coli (strain K12),mdtN,antibiotic resistance
Q84U21,7,0,0,7,0.084,6,Chlamydomonas reinhardtii,ERY2,antibiotic resistance
P0AG63,5,0,0,5,0.082,1,Escherichia coli (strain K12),rpsQ,antibiotic resistance
P04190,18,0,0,18,0.081,9,Bacillus cereus,blm,antibiotic resistance
Q9ST69,19,0,0,19,0.081,2,Spinacia oleracea,rps5,antibiotic resistance
Q8CXK5,13,0,0,13,0.08,1,Oceanobacillus iheyensis (strain DSM 14371 / CIP 107618 / JCM 11309 / KCTC 3954 / HTE831),fosB,antibiotic resistance
Q47748,25,0,0,25,0.078,25,Enterococcus faecalis (strain ATCC 700802 / V583),vanHB,antibiotic resistance
Q2PT27,8,0,0,8,0.078,3,Escherichia coli,qnrB4,antibiotic resistance
Q05709,26,0,0,26,0.077,26,Enterococcus faecium,vanH,antibiotic resistance
P52663,15,0,0,15,0.076,5,Enterobacter cloacae,nmcA,antibiotic resistance
P9WQL6,12,0,0,12,0.076,12,Mycobacterium tuberculosis (strain CDC 1551 / Oshkosh),Fluoroquinolone,antibiotic resistance
P29810,19,0,0,19,0.076,1,Micromonospora chalcea,aacC9,antibiotic resistance
P0AG05,17,0,0,17,0.076,10,Escherichia coli,aadA,antibiotic resistance
Q9KJA9,14,0,0,14,0.074,14,Elizabethkingia meningoseptica,blaB5,antibiotic resistance
Q8XJ01,43,0,0,43,0.072,11,Clostridium perfringens (strain 13 / Type A),pbpA,antibiotic resistance
O59870,2,0,0,2,0.069,1,Phaffia rhodozyma,RPL44,antibiotic resistance
Q87K03,13,0,0,13,0.068,12,Vibrio parahaemolyticus serotype O3:K6 (strain RIMD 2210633),Pentapeptide,antibiotic resistance
Q04FK3,17,0,0,17,0.065,17,Oenococcus oeni (strain ATCC BAA-331 / PSU-1),uppP1,antibiotic resistance
P19997,11,0,0,11,0.065,5,Streptomyces morookaense,bls,antibiotic resistance
P0CQ51,3,0,0,3,0.064,1,Cryptococcus deneoformans (strain B-3501A),RPL44,antibiotic resistance
Q6GKT9,57,0,0,57,0.06,57,Staphylococcus aureus (strain MRSA252),gyrA,antibiotic resistance
P08881,18,0,0,18,0.058,14,Klebsiella pneumoniae,aadA,antibiotic resistance
Q2FYR1,22,0,0,22,0.057,22,Staphylococcus aureus (strain NCTC 8325 / PS 47),femB,antibiotic resistance
P0CQ50,2,0,0,2,0.056,1,Cryptococcus deneoformans (strain JEC21 / ATCC MYA-565),RPL44,antibiotic resistance
Q8X5R2,24,0,0,24,0.056,18,Escherichia coli O157:H7,mdtN,antibiotic resistance
Q9F5K6,17,0,0,17,0.053,3,Streptomyces viridochromogenes,aviRb,antibiotic resistance
P17493,8,0,0,8,0.052,4,Streptoalloteichus hindustanus,ble,antibiotic resistance
P23130,2,0,0,2,0.051,1,Enterococcus faecalis,ermC,antibiotic resistance
Q8ZPB6,11,0,0,11,0.047,11,Salmonella typhimurium (strain LT2 / SGSC1412 / ATCC 700720),Aminoglycoside,antibiotic resistance
P23212,40,0,0,40,0.045,35,Staphylococcus epidermidis,msrA,antibiotic resistance
B1MM05,24,0,0,24,0.045,23,Mycobacteroides abscessus (strain ATCC 19977 / DSM 44196 / CCUG 20993 / CIP 104536 / JCM 13569 / NCTC 13031 / TMC 1543 / L948),tetX,antibiotic resistance
P0A0A6,22,0,0,22,0.038,22,Staphylococcus aureus (strain Mu50 / ATCC 700699),femB,antibiotic resistance
P0A0A7,26,0,0,26,0.036,26,Staphylococcus aureus (strain N315),femB,antibiotic resistance
P0A3N2,1,0,0,1,0.031,1,Bacillus cereus,tetL,antibiotic resistance
P31028,5,0,0,5,0.029,3,Schwanniomyces occidentalis,RPL44,antibiotic resistance
P10425,15,0,0,15,0.027,15,Bacillus sp. (strain 170),Metallo-beta-la,antibiotic resistance
P00551,14,0,0,14,0.026,9,Escherichia coli,aphA1,antibiotic resistance
Q8NWU0,22,0,0,22,0.024,22,Staphylococcus aureus (strain MW2),femB,antibiotic resistance
Q9KJA7,16,0,0,16,0.02,16,Elizabethkingia meningoseptica,blaB8,antibiotic resistance
Q52424,10,0,0,10,0.016,10,Providencia stuartii,aac,antibiotic resistance
P19650,12,0,0,12,0.015,5,Klebsiella pneumoniae,aacA4,antibiotic resistance
P05794,2,0,0,2,0.014,1,Escherichia coli,Dihydrofolate,antibiotic resistance
P27422,4,0,0,4,0.013,4,Escherichia coli,dhfrVII,antibiotic resistance
Q97PA9,32,0,0,32,0.009,25,Streptococcus pneumoniae serotype 4 (strain ATCC BAA-334 / TIGR4),stkP,beta-lactamase
P23181,10,0,0,10,0.007,1,Pseudomonas aeruginosa,aacC1,antibiotic resistance
P08457,5,0,0,5,0.006,4,Streptomyces lavendulae,sta,antibiotic resistance
P0A3N3,1,0,0,1,0.0,1,Staphylococcus hyicus,tetL,antibiotic resistance
